timestamp,price_volatility,volume_volatility,change_price_volatility,change_volume_volatility
2022-11-08 00:00:00,9.0,,,
2022-11-08 00:01:00,8.0,249.1,-1.0,
2022-11-08 00:02:00,8.0,42.58,0.0,-206.52
2022-11-08 00:03:00,5.5,6.63,-2.5,-35.95
2022-11-08 00:04:00,3.0,101.6,-2.5,94.97
2022-11-08 00:05:00,14.0,94.36,11.0,-7.24
2022-11-08 00:06:00,10.5,51.19,-3.5,-43.17
2022-11-08 00:07:00,2.5,60.3,-8.0,9.11
2022-11-08 00:08:00,3.0,0.04,0.5,-60.26
2022-11-08 00:09:00,7.0,1.07,4.0,1.03
2022-11-08 00:10:00,9.0,210.98,2.0,209.91
2022-11-08 00:11:00,0.5,77.81,-8.5,-133.17
2022-11-08 00:12:00,0.5,153.51,0.0,75.7
2022-11-08 00:13:00,0.5,6.39,0.0,-147.12
2022-11-08 00:14:00,8.0,15.57,7.5,9.18
2022-11-08 00:15:00,5.0,43.35,-3.0,27.78
2022-11-08 00:16:00,0.5,59.57,-4.5,16.22
2022-11-08 00:17:00,6.0,5.39,5.5,-54.18
2022-11-08 00:18:00,4.5,75.05,-1.5,69.66
2022-11-08 00:19:00,4.5,70.39,0.0,-4.66
2022-11-08 00:20:00,4.5,7.39,0.0,-63.0
2022-11-08 00:21:00,2.0,5.3,-2.5,-2.09
2022-11-08 00:22:00,6.0,52.93,4.0,47.63
2022-11-08 00:23:00,0.5,68.01,-5.5,15.08
2022-11-08 00:24:00,0.5,5.83,0.0,-62.18
2022-11-08 00:25:00,0.5,14.25,0.0,8.42
2022-11-08 00:26:00,7.0,2.64,6.5,-11.61
2022-11-08 00:27:00,2.0,24.36,-5.0,21.72
2022-11-08 00:28:00,2.0,50.36,0.0,26.0
2022-11-08 00:29:00,0.5,49.91,-1.5,-0.45
2022-11-08 00:30:00,5.0,85.63,4.5,35.72
2022-11-08 00:31:00,0.5,67.17,-4.5,-18.46
2022-11-08 00:32:00,0.5,15.63,0.0,-51.54
2022-11-08 00:33:00,3.0,11.34,2.5,-4.29
2022-11-08 00:34:00,1.5,32.55,-1.5,21.21
2022-11-08 00:35:00,4.5,23.62,3.0,-8.93
2022-11-08 00:36:00,0.5,45.24,-4.0,21.62
2022-11-08 00:37:00,20.5,299.19,20.0,253.95
2022-11-08 00:38:00,4.0,277.24,-16.5,-21.95
2022-11-08 00:39:00,5.5,88.52,1.5,-188.72
2022-11-08 00:40:00,2.0,27.76,-3.5,-60.76
2022-11-08 00:41:00,15.5,94.41,13.5,66.65
2022-11-08 00:42:00,3.0,118.91,-12.5,24.5
2022-11-08 00:43:00,0.5,13.87,-2.5,-105.04
2022-11-08 00:44:00,2.5,61.24,2.0,47.37
2022-11-08 00:45:00,8.0,18.35,5.5,-42.89
2022-11-08 00:46:00,1.0,20.51,-7.0,2.16
2022-11-08 00:47:00,9.5,18.12,8.5,-2.39
2022-11-08 00:48:00,8.0,8.53,-1.5,-9.59
2022-11-08 00:49:00,17.0,257.12,9.0,248.59
2022-11-08 00:50:00,3.5,177.42,-13.5,-79.7
2022-11-08 00:51:00,7.0,42.55,3.5,-134.87
2022-11-08 00:52:00,6.5,127.89,-0.5,85.34
2022-11-08 00:53:00,11.0,262.1,4.5,134.21
2022-11-08 00:54:00,12.0,224.02,1.0,-38.08
2022-11-08 00:55:00,8.0,6.71,-4.0,-217.31
2022-11-08 00:56:00,14.0,40.68,6.0,33.97
2022-11-08 00:57:00,3.0,70.63,-11.0,29.95
2022-11-08 00:58:00,7.5,42.83,4.5,-27.8
2022-11-08 00:59:00,2.0,26.87,-5.5,-15.96
2022-11-08 01:00:00,8.0,72.16,6.0,45.29
2022-11-08 01:01:00,4.0,9.3,-4.0,-62.86
2022-11-08 01:02:00,17.5,154.11,13.5,144.81
2022-11-08 01:03:00,9.0,165.3,-8.5,11.19
2022-11-08 01:04:00,25.5,117.16,16.5,-48.14
2022-11-08 01:05:00,50.0,1015.04,24.5,897.88
2022-11-08 01:06:00,52.0,64.1,2.0,-950.94
2022-11-08 01:07:00,21.5,638.91,-30.5,574.81
2022-11-08 01:08:00,21.5,183.59,0.0,-455.32
2022-11-08 01:09:00,13.0,49.22,-8.5,-134.37
2022-11-08 01:10:00,20.5,101.17,7.5,51.95
2022-11-08 01:11:00,19.0,132.62,-1.5,31.45
2022-11-08 01:12:00,6.5,28.41,-12.5,-104.21
2022-11-08 01:13:00,16.0,19.36,9.5,-9.05
2022-11-08 01:14:00,17.5,132.95,1.5,113.59
2022-11-08 01:15:00,9.0,101.63,-8.5,-31.32
2022-11-08 01:16:00,18.0,108.64,9.0,7.01
2022-11-08 01:17:00,16.0,44.28,-2.0,-64.36
2022-11-08 01:18:00,8.0,72.27,-8.0,27.99
2022-11-08 01:19:00,6.0,116.02,-2.0,43.75
2022-11-08 01:20:00,21.0,28.86,15.0,-87.16
2022-11-08 01:21:00,8.0,6.05,-13.0,-22.81
2022-11-08 01:22:00,14.5,206.37,6.5,200.32
2022-11-08 01:23:00,7.0,237.47,-7.5,31.1
2022-11-08 01:24:00,4.5,46.06,-2.5,-191.41
2022-11-08 01:25:00,14.5,26.46,10.0,-19.6
2022-11-08 01:26:00,8.0,36.21,-6.5,9.75
2022-11-08 01:27:00,6.5,42.89,-1.5,6.68
2022-11-08 01:28:00,11.5,29.43,5.0,-13.46
2022-11-08 01:29:00,6.0,40.55,-5.5,11.12
2022-11-08 01:30:00,15.0,15.35,9.0,-25.2
2022-11-08 01:31:00,14.5,30.22,-0.5,14.87
2022-11-08 01:32:00,13.0,73.73,-1.5,43.51
2022-11-08 01:33:00,13.0,3.76,0.0,-69.97
2022-11-08 01:34:00,9.0,43.36,-4.0,39.6
2022-11-08 01:35:00,8.5,1.48,-0.5,-41.88
2022-11-08 01:36:00,6.5,39.19,-2.0,37.71
2022-11-08 01:37:00,4.5,47.43,-2.0,8.24
2022-11-08 01:38:00,1.5,61.01,-3.0,13.58
2022-11-08 01:39:00,7.5,8.03,6.0,-52.98
2022-11-08 01:40:00,14.0,52.45,6.5,44.42
2022-11-08 01:41:00,3.5,76.33,-10.5,23.88
2022-11-08 01:42:00,9.0,40.22,5.5,-36.11
2022-11-08 01:43:00,6.0,15.71,-3.0,-24.51
2022-11-08 01:44:00,12.0,83.9,6.0,68.19
2022-11-08 01:45:00,15.5,232.27,3.5,148.37
2022-11-08 01:46:00,13.5,216.12,-2.0,-16.15
2022-11-08 01:47:00,7.5,126.12,-6.0,-90.0
2022-11-08 01:48:00,23.5,139.37,16.0,13.25
2022-11-08 01:49:00,5.0,135.03,-18.5,-4.34
2022-11-08 01:50:00,13.5,8.59,8.5,-126.44
2022-11-08 01:51:00,2.0,25.71,-11.5,17.12
2022-11-08 01:52:00,6.5,8.28,4.5,-17.43
2022-11-08 01:53:00,9.0,176.88,2.5,168.6
2022-11-08 01:54:00,3.0,144.85,-6.0,-32.03
2022-11-08 01:55:00,10.0,19.81,7.0,-125.04
2022-11-08 01:56:00,0.5,62.18,-9.5,42.37
2022-11-08 01:57:00,8.0,8.95,7.5,-53.23
2022-11-08 01:58:00,5.0,33.21,-3.0,24.26
2022-11-08 01:59:00,4.0,9.99,-1.0,-23.22
2022-11-08 02:00:00,17.5,4.61,13.5,-5.38
2022-11-08 02:01:00,0.5,38.85,-17.0,34.24
2022-11-08 02:02:00,14.0,30.5,13.5,-8.35
2022-11-08 02:03:00,15.5,101.37,1.5,70.87
2022-11-08 02:04:00,1.0,10.92,-14.5,-90.45
2022-11-08 02:05:00,9.0,40.28,8.0,29.36
2022-11-08 02:06:00,0.5,52.25,-8.5,11.97
2022-11-08 02:07:00,8.0,5.32,7.5,-46.93
2022-11-08 02:08:00,10.5,292.5,2.5,287.18
2022-11-08 02:09:00,14.0,151.21,3.5,-141.29
2022-11-08 02:10:00,7.5,460.94,-6.5,309.73
2022-11-08 02:11:00,2.0,65.61,-5.5,-395.33
2022-11-08 02:12:00,1.0,17.14,-1.0,-48.47
2022-11-08 02:13:00,26.5,433.56,25.5,416.42
2022-11-08 02:14:00,4.5,521.95,-22.0,88.39
2022-11-08 02:15:00,5.0,42.9,0.5,-479.05
2022-11-08 02:16:00,22.5,144.93,17.5,102.03
2022-11-08 02:17:00,0.5,131.87,-22.0,-13.06
2022-11-08 02:18:00,3.5,32.83,3.0,-99.04
2022-11-08 02:19:00,3.0,95.99,-0.5,63.16
2022-11-08 02:20:00,10.5,50.6,7.5,-45.39
2022-11-08 02:21:00,10.0,26.76,-0.5,-23.84
2022-11-08 02:22:00,0.5,24.82,-9.5,-1.94
2022-11-08 02:23:00,3.0,27.2,2.5,2.38
2022-11-08 02:24:00,1.0,66.03,-2.0,38.83
2022-11-08 02:25:00,4.5,42.11,3.5,-23.92
2022-11-08 02:26:00,11.5,35.83,7.0,-6.28
2022-11-08 02:27:00,20.5,134.37,9.0,98.54
2022-11-08 02:28:00,0.5,220.88,-20.0,86.51
2022-11-08 02:29:00,12.0,8.87,11.5,-212.01
2022-11-08 02:30:00,24.0,179.17,12.0,170.3
2022-11-08 02:31:00,19.0,106.35,-5.0,-72.82
2022-11-08 02:32:00,16.5,15.94,-2.5,-90.41
2022-11-08 02:33:00,8.0,65.62,-8.5,49.68
2022-11-08 02:34:00,4.5,4.34,-3.5,-61.28
2022-11-08 02:35:00,0.5,13.03,-4.0,8.69
2022-11-08 02:36:00,0.5,4.25,0.0,-8.78
2022-11-08 02:37:00,19.0,58.45,18.5,54.2
2022-11-08 02:38:00,13.5,38.59,-5.5,-19.86
2022-11-08 02:39:00,11.0,32.78,-2.5,-5.81
2022-11-08 02:40:00,0.5,47.99,-10.5,15.21
2022-11-08 02:41:00,12.0,28.28,11.5,-19.71
2022-11-08 02:42:00,10.5,174.51,-1.5,146.23
2022-11-08 02:43:00,7.5,195.63,-3.0,21.12
2022-11-08 02:44:00,4.5,12.32,-3.0,-183.31
2022-11-08 02:45:00,4.5,21.07,0.0,8.75
2022-11-08 02:46:00,2.5,21.38,-2.0,0.31
2022-11-08 02:47:00,6.0,7.49,3.5,-13.89
2022-11-08 02:48:00,7.0,30.13,1.0,22.64
2022-11-08 02:49:00,5.5,24.16,-1.5,-5.97
2022-11-08 02:50:00,0.5,6.16,-5.0,-18.0
2022-11-08 02:51:00,0.5,14.28,0.0,8.12
2022-11-08 02:52:00,8.0,11.04,7.5,-3.24
2022-11-08 02:53:00,0.5,26.79,-7.5,15.75
2022-11-08 02:54:00,8.0,29.56,7.5,2.77
2022-11-08 02:55:00,3.0,7.9,-5.0,-21.66
2022-11-08 02:56:00,0.5,75.53,-2.5,67.63
2022-11-08 02:57:00,0.5,94.61,0.0,19.08
2022-11-08 02:58:00,5.5,2.25,5.0,-92.36
2022-11-08 02:59:00,5.5,35.85,0.0,33.6
2022-11-08 03:00:00,5.0,17.23,-0.5,-18.62
2022-11-08 03:01:00,13.0,85.58,8.0,68.35
2022-11-08 03:02:00,33.5,458.64,20.5,373.06
2022-11-08 03:03:00,14.0,451.51,-19.5,-7.13
2022-11-08 03:04:00,16.0,189.89,2.0,-261.62
2022-11-08 03:05:00,32.0,168.87,16.0,-21.02
2022-11-08 03:06:00,35.0,75.6,3.0,-93.27
2022-11-08 03:07:00,18.0,175.43,-17.0,99.83
2022-11-08 03:08:00,43.5,99.35,25.5,-76.08
2022-11-08 03:09:00,18.5,223.47,-25.0,124.12
2022-11-08 03:10:00,38.5,687.62,20.0,464.15
2022-11-08 03:11:00,28.0,482.88,-10.5,-204.74
2022-11-08 03:12:00,39.5,288.88,11.5,-194.0
2022-11-08 03:13:00,16.0,388.06,-23.5,99.18
2022-11-08 03:14:00,17.5,43.0,1.5,-345.06
2022-11-08 03:15:00,33.5,179.31,16.0,136.31
2022-11-08 03:16:00,9.5,220.23,-24.0,40.92
2022-11-08 03:17:00,14.0,56.54,4.5,-163.69
2022-11-08 03:18:00,15.0,8.5,1.0,-48.04
2022-11-08 03:19:00,24.5,91.57,9.5,83.07
2022-11-08 03:20:00,13.5,62.86,-11.0,-28.71
2022-11-08 03:21:00,21.5,81.29,8.0,18.43
2022-11-08 03:22:00,6.5,104.4,-15.0,23.11
2022-11-08 03:23:00,10.5,34.57,4.0,-69.83
2022-11-08 03:24:00,13.5,58.03,3.0,23.46
2022-11-08 03:25:00,16.5,73.26,3.0,15.23
2022-11-08 03:26:00,1.0,0.46,-15.5,-72.8
2022-11-08 03:27:00,3.0,1.55,2.0,1.09
2022-11-08 03:28:00,11.5,81.61,8.5,80.06
2022-11-08 03:29:00,17.5,58.71,6.0,-22.9
2022-11-08 03:30:00,10.0,39.73,-7.5,-18.98
2022-11-08 03:31:00,1.5,12.4,-8.5,-27.33
2022-11-08 03:32:00,10.5,4.92,9.0,-7.48
2022-11-08 03:33:00,22.5,191.74,12.0,186.82
2022-11-08 03:34:00,19.0,108.28,-3.5,-83.46
2022-11-08 03:35:00,19.5,9.1,0.5,-99.18
2022-11-08 03:36:00,5.0,59.06,-14.5,49.96
2022-11-08 03:37:00,19.5,32.02,14.5,-27.04
2022-11-08 03:38:00,9.0,44.92,-10.5,12.9
2022-11-08 03:39:00,17.0,88.44,8.0,43.52
2022-11-08 03:40:00,0.5,99.96,-16.5,11.52
2022-11-08 03:41:00,0.5,3.16,0.0,-96.8
2022-11-08 03:42:00,4.0,20.78,3.5,17.62
2022-11-08 03:43:00,4.5,2.77,0.5,-18.01
2022-11-08 03:44:00,2.0,0.36,-2.5,-2.41
2022-11-08 03:45:00,12.0,2.91,10.0,2.55
2022-11-08 03:46:00,15.5,9.81,3.5,6.9
2022-11-08 03:47:00,17.0,6.58,1.5,-3.23
2022-11-08 03:48:00,15.5,27.45,-1.5,20.87
2022-11-08 03:49:00,41.0,345.01,25.5,317.56
2022-11-08 03:50:00,126.5,2825.62,85.5,2480.61
2022-11-08 03:51:00,29.0,2790.14,-97.5,-35.48
2022-11-08 03:52:00,40.0,168.63,11.0,-2621.51
2022-11-08 03:53:00,29.5,122.77,-10.5,-45.86
2022-11-08 03:54:00,49.0,119.98,19.5,-2.79
2022-11-08 03:55:00,96.5,1449.02,47.5,1329.04
2022-11-08 03:56:00,61.0,1169.36,-35.5,-279.66
2022-11-08 03:57:00,84.0,744.85,23.0,-424.51
2022-11-08 03:58:00,64.5,979.93,-19.5,235.08
2022-11-08 03:59:00,32.5,50.76,-32.0,-929.17
2022-11-08 04:00:00,35.0,55.99,2.5,5.23
2022-11-08 04:01:00,25.0,112.27,-10.0,56.28
2022-11-08 04:02:00,14.5,39.46,-10.5,-72.81
2022-11-08 04:03:00,32.0,109.87,17.5,70.41
2022-11-08 04:04:00,26.0,69.85,-6.0,-40.02
2022-11-08 04:05:00,40.0,119.8,14.0,49.95
2022-11-08 04:06:00,27.0,36.04,-13.0,-83.76
2022-11-08 04:07:00,15.0,46.48,-12.0,10.44
2022-11-08 04:08:00,18.0,79.23,3.0,32.75
2022-11-08 04:09:00,17.5,27.11,-0.5,-52.12
2022-11-08 04:10:00,30.5,20.61,13.0,-6.5
2022-11-08 04:11:00,13.5,53.25,-17.0,32.64
2022-11-08 04:12:00,18.0,84.03,4.5,30.78
2022-11-08 04:13:00,12.0,46.48,-6.0,-37.55
2022-11-08 04:14:00,12.0,14.74,0.0,-31.74
2022-11-08 04:15:00,0.5,32.56,-11.5,17.82
2022-11-08 04:16:00,13.5,33.08,13.0,0.52
2022-11-08 04:17:00,9.5,19.21,-4.0,-13.87
2022-11-08 04:18:00,6.5,10.66,-3.0,-8.55
2022-11-08 04:19:00,11.5,45.81,5.0,35.15
2022-11-08 04:20:00,4.5,64.36,-7.0,18.55
2022-11-08 04:21:00,13.5,36.31,9.0,-28.05
2022-11-08 04:22:00,13.5,9.2,0.0,-27.11
2022-11-08 04:23:00,15.0,19.58,1.5,10.38
2022-11-08 04:24:00,17.0,63.93,2.0,44.35
2022-11-08 04:25:00,10.5,112.85,-6.5,48.92
2022-11-08 04:26:00,18.0,76.92,7.5,-35.93
2022-11-08 04:27:00,10.5,219.54,-7.5,142.62
2022-11-08 04:28:00,7.5,17.3,-3.0,-202.24
2022-11-08 04:29:00,0.5,34.65,-7.0,17.35
2022-11-08 04:30:00,18.0,171.16,17.5,136.51
2022-11-08 04:31:00,21.0,31.46,3.0,-139.7
2022-11-08 04:32:00,16.0,116.6,-5.0,85.14
2022-11-08 04:33:00,9.0,10.01,-7.0,-106.59
2022-11-08 04:34:00,7.5,16.44,-1.5,6.43
2022-11-08 04:35:00,2.0,7.58,-5.5,-8.86
2022-11-08 04:36:00,7.5,2.38,5.5,-5.2
2022-11-08 04:37:00,12.5,1.3,5.0,-1.08
2022-11-08 04:38:00,9.0,24.28,-3.5,22.98
2022-11-08 04:39:00,9.0,18.79,0.0,-5.49
2022-11-08 04:40:00,3.0,68.46,-6.0,49.67
2022-11-08 04:41:00,25.0,46.24,22.0,-22.22
2022-11-08 04:42:00,11.0,22.97,-14.0,-23.27
2022-11-08 04:43:00,4.5,17.71,-6.5,-5.26
2022-11-08 04:44:00,12.0,31.73,7.5,14.02
2022-11-08 04:45:00,7.0,9.93,-5.0,-21.8
2022-11-08 04:46:00,19.0,56.53,12.0,46.6
2022-11-08 04:47:00,28.5,217.27,9.5,160.74
2022-11-08 04:48:00,31.0,250.08,2.5,32.81
2022-11-08 04:49:00,5.0,1.28,-26.0,-248.8
2022-11-08 04:50:00,15.0,94.64,10.0,93.36
2022-11-08 04:51:00,14.5,111.81,-0.5,17.17
2022-11-08 04:52:00,13.0,25.34,-1.5,-86.47
2022-11-08 04:53:00,9.0,39.17,-4.0,13.83
2022-11-08 04:54:00,17.5,69.45,8.5,30.28
2022-11-08 04:55:00,16.0,11.72,-1.5,-57.73
2022-11-08 04:56:00,10.5,107.69,-5.5,95.97
2022-11-08 04:57:00,3.5,47.03,-7.0,-60.66
2022-11-08 04:58:00,1.5,2.77,-2.0,-44.26
2022-11-08 04:59:00,8.0,0.74,6.5,-2.03
2022-11-08 05:00:00,1.0,2.09,-7.0,1.35
2022-11-08 05:01:00,23.5,125.74,22.5,123.65
2022-11-08 05:02:00,8.5,12.58,-15.0,-113.16
2022-11-08 05:03:00,2.5,119.79,-6.0,107.21
2022-11-08 05:04:00,1.0,4.9,-1.5,-114.89
2022-11-08 05:05:00,2.0,49.96,1.0,45.06
2022-11-08 05:06:00,13.5,17.43,11.5,-32.53
2022-11-08 05:07:00,7.0,21.45,-6.5,4.02
2022-11-08 05:08:00,5.5,12.34,-1.5,-9.11
2022-11-08 05:09:00,5.0,0.16,-0.5,-12.18
2022-11-08 05:10:00,10.0,22.84,5.0,22.68
2022-11-08 05:11:00,6.5,4.24,-3.5,-18.6
2022-11-08 05:12:00,0.5,10.6,-6.0,6.36
2022-11-08 05:13:00,4.0,0.84,3.5,-9.76
2022-11-08 05:14:00,10.5,65.1,6.5,64.26
2022-11-08 05:15:00,19.0,23.94,8.5,-41.16
2022-11-08 05:16:00,1.5,46.91,-17.5,22.97
2022-11-08 05:17:00,13.5,18.07,12.0,-28.84
2022-11-08 05:18:00,3.0,49.06,-10.5,30.99
2022-11-08 05:19:00,7.0,34.73,4.0,-14.33
2022-11-08 05:20:00,11.0,22.98,4.0,-11.75
2022-11-08 05:21:00,7.0,47.6,-4.0,24.62
2022-11-08 05:22:00,16.0,200.28,9.0,152.68
2022-11-08 05:23:00,5.5,159.35,-10.5,-40.93
2022-11-08 05:24:00,0.5,17.26,-5.0,-142.09
2022-11-08 05:25:00,4.5,20.63,4.0,3.37
2022-11-08 05:26:00,6.0,30.04,1.5,9.41
2022-11-08 05:27:00,2.0,25.32,-4.0,-4.72
2022-11-08 05:28:00,5.5,10.37,3.5,-14.95
2022-11-08 05:29:00,0.5,23.76,-5.0,13.39
2022-11-08 05:30:00,24.0,209.45,23.5,185.69
2022-11-08 05:31:00,33.0,73.41,9.0,-136.04
2022-11-08 05:32:00,14.5,136.87,-18.5,63.46
2022-11-08 05:33:00,13.0,110.47,-1.5,-26.4
2022-11-08 05:34:00,12.0,68.64,-1.0,-41.83
2022-11-08 05:35:00,13.5,6.8,1.5,-61.84
2022-11-08 05:36:00,6.5,79.29,-7.0,72.49
2022-11-08 05:37:00,13.0,30.1,6.5,-49.19
2022-11-08 05:38:00,0.5,21.13,-12.5,-8.97
2022-11-08 05:39:00,2.5,23.44,2.0,2.31
2022-11-08 05:40:00,9.5,59.53,7.0,36.09
2022-11-08 05:41:00,15.5,13.55,6.0,-45.98
2022-11-08 05:42:00,11.5,26.99,-4.0,13.44
2022-11-08 05:43:00,7.0,22.0,-4.5,-4.99
2022-11-08 05:44:00,2.5,4.12,-4.5,-17.88
2022-11-08 05:45:00,12.0,38.07,9.5,33.95
2022-11-08 05:46:00,31.0,110.96,19.0,72.89
2022-11-08 05:47:00,7.0,114.6,-24.0,3.64
2022-11-08 05:48:00,30.5,123.63,23.5,9.03
2022-11-08 05:49:00,12.0,71.95,-18.5,-51.68
2022-11-08 05:50:00,10.0,43.89,-2.0,-28.06
2022-11-08 05:51:00,8.5,98.04,-1.5,54.15
2022-11-08 05:52:00,12.0,12.39,3.5,-85.65
2022-11-08 05:53:00,12.0,14.95,0.0,2.56
2022-11-08 05:54:00,4.0,5.43,-8.0,-9.52
2022-11-08 05:55:00,2.5,23.12,-1.5,17.69
2022-11-08 05:56:00,9.5,6.96,7.0,-16.16
2022-11-08 05:57:00,16.0,16.75,6.5,9.79
2022-11-08 05:58:00,0.5,25.39,-15.5,8.64
2022-11-08 05:59:00,10.0,1.72,9.5,-23.67
2022-11-08 06:00:00,19.0,30.27,9.0,28.55
2022-11-08 06:01:00,6.5,0.22,-12.5,-30.05
2022-11-08 06:02:00,10.5,14.83,4.0,14.61
2022-11-08 06:03:00,0.5,22.27,-10.0,7.44
2022-11-08 06:04:00,21.5,25.21,21.0,2.94
2022-11-08 06:05:00,0.5,20.99,-21.0,-4.22
2022-11-08 06:06:00,5.0,1.98,4.5,-19.01
2022-11-08 06:07:00,0.5,49.07,-4.5,47.09
2022-11-08 06:08:00,0.5,38.16,0.0,-10.91
2022-11-08 06:09:00,4.5,18.58,4.0,-19.58
2022-11-08 06:10:00,9.0,33.6,4.5,15.02
2022-11-08 06:11:00,0.5,60.01,-8.5,26.41
2022-11-08 06:12:00,3.0,12.88,2.5,-47.13
2022-11-08 06:13:00,5.0,20.6,2.0,7.72
2022-11-08 06:14:00,0.5,189.61,-4.5,169.01
2022-11-08 06:15:00,11.5,92.33,11.0,-97.28
2022-11-08 06:16:00,11.5,67.35,0.0,-24.98
2022-11-08 06:17:00,20.0,83.27,8.5,15.92
2022-11-08 06:18:00,9.5,206.22,-10.5,122.95
2022-11-08 06:19:00,7.0,3.66,-2.5,-202.56
2022-11-08 06:20:00,3.5,34.82,-3.5,31.16
2022-11-08 06:21:00,15.5,70.31,12.0,35.49
2022-11-08 06:22:00,9.5,42.48,-6.0,-27.83
2022-11-08 06:23:00,19.0,211.2,9.5,168.72
2022-11-08 06:24:00,12.5,187.12,-6.5,-24.08
2022-11-08 06:25:00,10.5,33.7,-2.0,-153.42
2022-11-08 06:26:00,13.0,143.96,2.5,110.26
2022-11-08 06:27:00,2.5,0.16,-10.5,-143.8
2022-11-08 06:28:00,7.5,1.24,5.0,1.08
2022-11-08 06:29:00,17.0,81.17,9.5,79.93
2022-11-08 06:30:00,12.5,57.69,-4.5,-23.48
2022-11-08 06:31:00,7.0,32.65,-5.5,-25.04
2022-11-08 06:32:00,24.5,63.07,17.5,30.42
2022-11-08 06:33:00,8.0,44.74,-16.5,-18.33
2022-11-08 06:34:00,16.5,1.23,8.5,-43.51
2022-11-08 06:35:00,1.5,26.54,-15.0,25.31
2022-11-08 06:36:00,4.0,45.49,2.5,18.95
2022-11-08 06:37:00,8.5,76.29,4.5,30.8
2022-11-08 06:38:00,0.5,30.43,-8.0,-45.86
2022-11-08 06:39:00,0.5,7.18,0.0,-23.25
2022-11-08 06:40:00,0.5,0.23,0.0,-6.95
2022-11-08 06:41:00,4.5,44.64,4.0,44.41
2022-11-08 06:42:00,3.5,36.05,-1.0,-8.59
2022-11-08 06:43:00,23.0,114.52,19.5,78.47
2022-11-08 06:44:00,10.5,80.15,-12.5,-34.37
2022-11-08 06:45:00,10.0,2.56,-0.5,-77.59
2022-11-08 06:46:00,22.5,25.2,12.5,22.64
2022-11-08 06:47:00,14.5,78.12,-8.0,52.92
2022-11-08 06:48:00,6.5,36.59,-8.0,-41.53
2022-11-08 06:49:00,19.5,132.33,13.0,95.74
2022-11-08 06:50:00,14.5,48.52,-5.0,-83.81
2022-11-08 06:51:00,9.0,131.17,-5.5,82.65
2022-11-08 06:52:00,6.5,60.73,-2.5,-70.44
2022-11-08 06:53:00,11.5,15.7,5.0,-45.03
2022-11-08 06:54:00,10.5,11.59,-1.0,-4.11
2022-11-08 06:55:00,9.0,15.13,-1.5,3.54
2022-11-08 06:56:00,2.5,52.38,-6.5,37.25
2022-11-08 06:57:00,0.5,19.78,-2.0,-32.6
2022-11-08 06:58:00,0.5,1.17,0.0,-18.61
2022-11-08 06:59:00,0.5,11.02,0.0,9.85
2022-11-08 07:00:00,11.5,58.83,11.0,47.81
2022-11-08 07:01:00,10.5,41.16,-1.0,-17.67
2022-11-08 07:02:00,6.5,11.55,-4.0,-29.61
2022-11-08 07:03:00,2.0,38.59,-4.5,27.04
2022-11-08 07:04:00,14.0,17.8,12.0,-20.79
2022-11-08 07:05:00,7.5,24.64,-6.5,6.84
2022-11-08 07:06:00,5.0,38.81,-2.5,14.17
2022-11-08 07:07:00,9.5,22.0,4.5,-16.81
2022-11-08 07:08:00,0.5,62.45,-9.0,40.45
2022-11-08 07:09:00,8.5,37.67,8.0,-24.78
2022-11-08 07:10:00,2.0,37.04,-6.5,-0.63
2022-11-08 07:11:00,12.5,8.49,10.5,-28.55
2022-11-08 07:12:00,9.0,52.48,-3.5,43.99
2022-11-08 07:13:00,7.5,63.06,-1.5,10.58
2022-11-08 07:14:00,9.5,8.99,2.0,-54.07
2022-11-08 07:15:00,0.5,1.98,-9.0,-7.01
2022-11-08 07:16:00,0.5,6.14,0.0,4.16
2022-11-08 07:17:00,0.5,7.02,0.0,0.88
2022-11-08 07:18:00,1.5,57.72,1.0,50.7
2022-11-08 07:19:00,3.5,54.09,2.0,-3.63
2022-11-08 07:20:00,0.5,1.47,-3.0,-52.62
2022-11-08 07:21:00,5.5,15.89,5.0,14.42
2022-11-08 07:22:00,7.0,60.94,1.5,45.05
2022-11-08 07:23:00,0.5,75.53,-6.5,14.59
2022-11-08 07:24:00,5.5,18.73,5.0,-56.8
2022-11-08 07:25:00,0.5,19.83,-5.0,1.1
2022-11-08 07:26:00,5.0,21.81,4.5,1.98
2022-11-08 07:27:00,0.5,6.98,-4.5,-14.83
2022-11-08 07:28:00,0.5,16.41,0.0,9.43
2022-11-08 07:29:00,2.0,39.53,1.5,23.12
2022-11-08 07:30:00,5.0,9.7,3.0,-29.83
2022-11-08 07:31:00,0.5,27.02,-4.5,17.32
2022-11-08 07:32:00,0.5,2.04,0.0,-24.98
2022-11-08 07:33:00,9.0,101.91,8.5,99.87
2022-11-08 07:34:00,8.5,86.87,-0.5,-15.04
2022-11-08 07:35:00,0.5,15.97,-8.0,-70.9
2022-11-08 07:36:00,0.5,12.72,0.0,-3.25
2022-11-08 07:37:00,0.5,15.16,0.0,2.44
2022-11-08 07:38:00,0.5,4.81,0.0,-10.35
2022-11-08 07:39:00,1.0,46.26,0.5,41.45
2022-11-08 07:40:00,1.0,27.62,0.0,-18.64
2022-11-08 07:41:00,0.5,12.5,-0.5,-15.12
2022-11-08 07:42:00,5.5,0.01,5.0,-12.49
2022-11-08 07:43:00,0.5,18.44,-5.0,18.43
2022-11-08 07:44:00,0.5,16.02,0.0,-2.42
2022-11-08 07:45:00,5.0,14.1,4.5,-1.92
2022-11-08 07:46:00,25.0,274.34,20.0,260.24
2022-11-08 07:47:00,6.0,248.87,-19.0,-25.47
2022-11-08 07:48:00,6.0,3.97,0.0,-244.9
2022-11-08 07:49:00,4.5,17.41,-1.5,13.44
2022-11-08 07:50:00,6.0,6.71,1.5,-10.7
2022-11-08 07:51:00,2.5,6.27,-3.5,-0.44
2022-11-08 07:52:00,5.0,7.9,2.5,1.63
2022-11-08 07:53:00,1.0,7.07,-4.0,-0.83
2022-11-08 07:54:00,0.5,22.7,-0.5,15.63
2022-11-08 07:55:00,0.5,11.91,0.0,-10.79
2022-11-08 07:56:00,0.5,7.59,0.0,-4.32
2022-11-08 07:57:00,21.0,273.52,20.5,265.93
2022-11-08 07:58:00,7.5,78.54,-13.5,-194.98
2022-11-08 07:59:00,9.5,140.91,2.0,62.37
2022-11-08 08:00:00,8.5,15.31,-1.0,-125.6
2022-11-08 08:01:00,18.0,8.54,9.5,-6.77
2022-11-08 08:02:00,5.5,54.52,-12.5,45.98
2022-11-08 08:03:00,0.5,4.85,-5.0,-49.67
2022-11-08 08:04:00,0.5,15.04,0.0,10.19
2022-11-08 08:05:00,4.5,7.16,4.0,-7.88
2022-11-08 08:06:00,2.5,7.91,-2.0,0.75
2022-11-08 08:07:00,0.5,13.82,-2.0,5.91
2022-11-08 08:08:00,4.0,9.31,3.5,-4.51
2022-11-08 08:09:00,0.5,6.45,-3.5,-2.86
2022-11-08 08:10:00,0.5,7.91,0.0,1.46
2022-11-08 08:11:00,0.5,28.52,0.0,20.61
2022-11-08 08:12:00,3.0,10.83,2.5,-17.69
2022-11-08 08:13:00,1.0,10.87,-2.0,0.04
2022-11-08 08:14:00,0.5,0.71,-0.5,-10.16
2022-11-08 08:15:00,0.5,1.28,0.0,0.57
2022-11-08 08:16:00,14.5,57.46,14.0,56.18
2022-11-08 08:17:00,0.5,44.17,-14.0,-13.29
2022-11-08 08:18:00,3.0,1.96,2.5,-42.21
2022-11-08 08:19:00,28.5,135.65,25.5,133.69
2022-11-08 08:20:00,41.5,43.86,13.0,-91.79
2022-11-08 08:21:00,31.0,93.93,-10.5,50.07
2022-11-08 08:22:00,63.0,104.08,32.0,10.15
2022-11-08 08:23:00,15.0,26.58,-48.0,-77.5
2022-11-08 08:24:00,61.5,199.74,46.5,173.16
2022-11-08 08:25:00,50.0,289.59,-11.5,89.85
2022-11-08 08:26:00,17.0,186.48,-33.0,-103.11
2022-11-08 08:27:00,57.0,93.09,40.0,-93.39
2022-11-08 08:28:00,61.0,799.91,4.0,706.82
2022-11-08 08:29:00,40.0,716.04,-21.0,-83.87
2022-11-08 08:30:00,27.5,88.03,-12.5,-628.01
2022-11-08 08:31:00,60.5,997.27,33.0,909.24
2022-11-08 08:32:00,41.0,891.34,-19.5,-105.93
2022-11-08 08:33:00,32.0,220.59,-9.0,-670.75
2022-11-08 08:34:00,17.0,77.72,-15.0,-142.87
2022-11-08 08:35:00,16.0,56.61,-1.0,-21.11
2022-11-08 08:36:00,3.5,44.44,-12.5,-12.17
2022-11-08 08:37:00,24.0,21.68,20.5,-22.76
2022-11-08 08:38:00,14.5,6.47,-9.5,-15.21
2022-11-08 08:39:00,31.5,36.05,17.0,29.58
2022-11-08 08:40:00,12.0,25.81,-19.5,-10.24
2022-11-08 08:41:00,17.5,99.84,5.5,74.03
2022-11-08 08:42:00,6.5,12.51,-11.0,-87.33
2022-11-08 08:43:00,21.5,80.1,15.0,67.59
2022-11-08 08:44:00,22.5,38.75,1.0,-41.35
2022-11-08 08:45:00,23.5,17.01,1.0,-21.74
2022-11-08 08:46:00,31.5,49.08,8.0,32.07
2022-11-08 08:47:00,44.5,68.44,13.0,19.36
2022-11-08 08:48:00,100.5,1049.85,56.0,981.41
2022-11-08 08:49:00,29.5,504.42,-71.0,-545.43
2022-11-08 08:50:00,94.5,1894.87,65.0,1390.45
2022-11-08 08:51:00,32.0,2087.98,-62.5,193.11
2022-11-08 08:52:00,20.0,167.69,-12.0,-1920.29
2022-11-08 08:53:00,75.0,255.52,55.0,87.83
2022-11-08 08:54:00,18.0,402.9,-57.0,147.38
2022-11-08 08:55:00,35.5,96.39,17.5,-306.51
2022-11-08 08:56:00,22.0,33.89,-13.5,-62.5
2022-11-08 08:57:00,21.5,52.6,-0.5,18.71
2022-11-08 08:58:00,20.0,13.28,-1.5,-39.32
2022-11-08 08:59:00,27.0,15.57,7.0,2.29
2022-11-08 09:00:00,41.5,153.84,14.5,138.27
2022-11-08 09:01:00,8.0,164.93,-33.5,11.09
2022-11-08 09:02:00,8.0,10.52,0.0,-154.41
2022-11-08 09:03:00,20.5,16.32,12.5,5.8
2022-11-08 09:04:00,10.0,77.68,-10.5,61.36
2022-11-08 09:05:00,11.5,163.96,1.5,86.28
2022-11-08 09:06:00,17.0,38.06,5.5,-125.9
2022-11-08 09:07:00,9.5,11.27,-7.5,-26.79
2022-11-08 09:08:00,12.5,25.49,3.0,14.22
2022-11-08 09:09:00,7.5,71.02,-5.0,45.53
2022-11-08 09:10:00,8.0,11.53,0.5,-59.49
2022-11-08 09:11:00,6.0,10.1,-2.0,-1.43
2022-11-08 09:12:00,27.5,165.56,21.5,155.46
2022-11-08 09:13:00,43.5,368.36,16.0,202.8
2022-11-08 09:14:00,31.0,199.36,-12.5,-169.0
2022-11-08 09:15:00,53.0,323.98,22.0,124.62
2022-11-08 09:16:00,59.0,72.96,6.0,-251.02
2022-11-08 09:17:00,35.5,279.99,-23.5,207.03
2022-11-08 09:18:00,26.5,63.56,-9.0,-216.43
2022-11-08 09:19:00,20.5,115.94,-6.0,52.38
2022-11-08 09:20:00,23.0,211.04,2.5,95.1
2022-11-08 09:21:00,17.0,24.06,-6.0,-186.98
2022-11-08 09:22:00,44.5,21.91,27.5,-2.15
2022-11-08 09:23:00,39.0,497.31,-5.5,475.4
2022-11-08 09:24:00,55.0,7.08,16.0,-490.23
2022-11-08 09:25:00,31.5,180.76,-23.5,173.68
2022-11-08 09:26:00,40.0,543.31,8.5,362.55
2022-11-08 09:27:00,60.0,161.57,20.0,-381.74
2022-11-08 09:28:00,60.0,292.81,0.0,131.24
2022-11-08 09:29:00,63.5,516.66,3.5,223.85
2022-11-08 09:30:00,49.5,10.28,-14.0,-506.38
2022-11-08 09:31:00,61.5,730.31,12.0,720.03
2022-11-08 09:32:00,27.5,28.13,-34.0,-702.18
2022-11-08 09:33:00,37.0,103.58,9.5,75.45
2022-11-08 09:34:00,30.0,246.5,-7.0,142.92
2022-11-08 09:35:00,55.0,19.64,25.0,-226.86
2022-11-08 09:36:00,44.5,76.03,-10.5,56.39
2022-11-08 09:37:00,43.5,41.19,-1.0,-34.84
2022-11-08 09:38:00,68.0,604.15,24.5,562.96
2022-11-08 09:39:00,55.5,60.9,-12.5,-543.25
2022-11-08 09:40:00,108.0,979.44,52.5,918.54
2022-11-08 09:41:00,512.5,12596.2,404.5,11616.76
2022-11-08 09:42:00,148.0,10646.0,-364.5,-1950.2
2022-11-08 09:43:00,158.0,1768.36,10.0,-8877.64
2022-11-08 09:44:00,73.0,409.44,-85.0,-1358.92
2022-11-08 09:45:00,80.0,515.87,7.0,106.43
2022-11-08 09:46:00,52.0,536.85,-28.0,20.98
2022-11-08 09:47:00,70.0,317.06,18.0,-219.79
2022-11-08 09:48:00,160.0,1665.74,90.0,1348.68
2022-11-08 09:49:00,90.0,1812.16,-70.0,146.42
2022-11-08 09:50:00,106.5,408.22,16.5,-1403.94
2022-11-08 09:51:00,56.5,360.65,-50.0,-47.57
2022-11-08 09:52:00,64.0,448.02,7.5,87.37
2022-11-08 09:53:00,64.0,482.46,0.0,34.44
2022-11-08 09:54:00,52.5,626.54,-11.5,144.08
2022-11-08 09:55:00,41.0,164.45,-11.5,-462.09
2022-11-08 09:56:00,40.0,238.6,-1.0,74.15
2022-11-08 09:57:00,50.0,407.53,10.0,168.93
2022-11-08 09:58:00,49.5,60.42,-0.5,-347.11
2022-11-08 09:59:00,34.5,350.82,-15.0,290.4
2022-11-08 10:00:00,74.5,136.36,40.0,-214.46
2022-11-08 10:01:00,35.0,162.48,-39.5,26.12
2022-11-08 10:02:00,43.5,114.0,8.5,-48.48
2022-11-08 10:03:00,50.5,296.86,7.0,182.86
2022-11-08 10:04:00,30.5,17.1,-20.0,-279.76
2022-11-08 10:05:00,36.5,79.4,6.0,62.3
2022-11-08 10:06:00,27.5,28.22,-9.0,-51.18
2022-11-08 10:07:00,16.0,267.86,-11.5,239.64
2022-11-08 10:08:00,46.5,272.78,30.5,4.92
2022-11-08 10:09:00,84.0,124.45,37.5,-148.33
2022-11-08 10:10:00,20.5,347.2,-63.5,222.75
2022-11-08 10:11:00,37.0,79.95,16.5,-267.25
2022-11-08 10:12:00,37.5,19.11,0.5,-60.84
2022-11-08 10:13:00,26.5,153.09,-11.0,133.98
2022-11-08 10:14:00,44.0,112.64,17.5,-40.45
2022-11-08 10:15:00,22.0,238.42,-22.0,125.78
2022-11-08 10:16:00,37.5,43.89,15.5,-194.53
2022-11-08 10:17:00,21.0,242.0,-16.5,198.11
2022-11-08 10:18:00,57.5,161.2,36.5,-80.8
2022-11-08 10:19:00,29.5,142.18,-28.0,-19.02
2022-11-08 10:20:00,30.0,231.71,0.5,89.53
2022-11-08 10:21:00,27.0,87.86,-3.0,-143.85
2022-11-08 10:22:00,28.5,30.59,1.5,-57.27
2022-11-08 10:23:00,37.5,62.47,9.0,31.88
2022-11-08 10:24:00,19.0,61.85,-18.5,-0.62
2022-11-08 10:25:00,32.5,486.54,13.5,424.69
2022-11-08 10:26:00,23.0,330.1,-9.5,-156.44
2022-11-08 10:27:00,16.5,40.68,-6.5,-289.42
2022-11-08 10:28:00,40.0,62.21,23.5,21.53
2022-11-08 10:29:00,27.0,45.84,-13.0,-16.37
2022-11-08 10:30:00,14.0,7.73,-13.0,-38.11
2022-11-08 10:31:00,19.0,81.01,5.0,73.28
2022-11-08 10:32:00,39.0,199.02,20.0,118.01
2022-11-08 10:33:00,40.5,48.13,1.5,-150.89
2022-11-08 10:34:00,18.0,175.1,-22.5,126.97
2022-11-08 10:35:00,24.0,87.03,6.0,-88.07
2022-11-08 10:36:00,30.0,49.06,6.0,-37.97
2022-11-08 10:37:00,23.0,102.82,-7.0,53.76
2022-11-08 10:38:00,13.5,92.3,-9.5,-10.52
2022-11-08 10:39:00,15.0,77.13,1.5,-15.17
2022-11-08 10:40:00,39.5,525.3,24.5,448.17
2022-11-08 10:41:00,78.5,971.66,39.0,446.36
2022-11-08 10:42:00,23.5,1071.72,-55.0,100.06
2022-11-08 10:43:00,171.0,2846.44,147.5,1774.72
2022-11-08 10:44:00,67.0,2639.09,-104.0,-207.35
2022-11-08 10:45:00,37.0,414.8,-30.0,-2224.29
2022-11-08 10:46:00,33.0,175.56,-4.0,-239.24
2022-11-08 10:47:00,31.0,229.13,-2.0,53.57
2022-11-08 10:48:00,27.0,17.55,-4.0,-211.58
2022-11-08 10:49:00,32.5,96.54,5.5,78.99
2022-11-08 10:50:00,107.0,266.02,74.5,169.48
2022-11-08 10:51:00,36.5,71.63,-70.5,-194.39
2022-11-08 10:52:00,54.0,69.19,17.5,-2.44
2022-11-08 10:53:00,89.5,904.5,35.5,835.31
2022-11-08 10:54:00,61.5,653.12,-28.0,-251.38
2022-11-08 10:55:00,69.5,431.08,8.0,-222.04
2022-11-08 10:56:00,70.0,1789.24,0.5,1358.16
2022-11-08 10:57:00,49.5,1837.55,-20.5,48.31
2022-11-08 10:58:00,64.5,137.61,15.0,-1699.94
2022-11-08 10:59:00,44.5,68.38,-20.0,-69.23
2022-11-08 11:00:00,44.5,103.23,0.0,34.85
2022-11-08 11:01:00,59.0,9.26,14.5,-93.97
2022-11-08 11:02:00,30.0,213.2,-29.0,203.94
2022-11-08 11:03:00,30.0,124.24,0.0,-88.96
2022-11-08 11:04:00,28.5,131.22,-1.5,6.98
2022-11-08 11:05:00,16.5,88.18,-12.0,-43.04
2022-11-08 11:06:00,45.5,146.47,29.0,58.29
2022-11-08 11:07:00,41.5,645.72,-4.0,499.25
2022-11-08 11:08:00,37.0,653.77,-4.5,8.05
2022-11-08 11:09:00,15.5,128.71,-21.5,-525.06
2022-11-08 11:10:00,25.5,160.41,10.0,31.7
2022-11-08 11:11:00,23.5,127.67,-2.0,-32.74
2022-11-08 11:12:00,26.5,20.46,3.0,-107.21
2022-11-08 11:13:00,40.0,347.19,13.5,326.73
2022-11-08 11:14:00,24.0,259.19,-16.0,-88.0
2022-11-08 11:15:00,37.5,49.47,13.5,-209.72
2022-11-08 11:16:00,30.5,148.45,-7.0,98.98
2022-11-08 11:17:00,15.0,56.47,-15.5,-91.98
2022-11-08 11:18:00,18.5,235.79,3.5,179.32
2022-11-08 11:19:00,37.5,136.79,19.0,-99.0
2022-11-08 11:20:00,33.5,88.67,-4.0,-48.12
2022-11-08 11:21:00,10.0,169.26,-23.5,80.59
2022-11-08 11:22:00,9.5,8.56,-0.5,-160.7
2022-11-08 11:23:00,14.0,6.32,4.5,-2.24
2022-11-08 11:24:00,23.0,131.37,9.0,125.05
2022-11-08 11:25:00,45.5,59.48,22.5,-71.89
2022-11-08 11:26:00,16.5,51.9,-29.0,-7.58
2022-11-08 11:27:00,19.0,216.61,2.5,164.71
2022-11-08 11:28:00,17.0,44.03,-2.0,-172.58
2022-11-08 11:29:00,10.5,79.7,-6.5,35.67
2022-11-08 11:30:00,14.5,26.56,4.0,-53.14
2022-11-08 11:31:00,32.0,57.65,17.5,31.09
2022-11-08 11:32:00,21.0,47.2,-11.0,-10.45
2022-11-08 11:33:00,13.0,7.51,-8.0,-39.69
2022-11-08 11:34:00,31.5,46.78,18.5,39.27
2022-11-08 11:35:00,17.0,58.97,-14.5,12.19
2022-11-08 11:36:00,16.5,52.35,-0.5,-6.62
2022-11-08 11:37:00,14.5,69.28,-2.0,16.93
2022-11-08 11:38:00,26.5,39.45,12.0,-29.83
2022-11-08 11:39:00,18.5,103.78,-8.0,64.33
2022-11-08 11:40:00,20.0,29.67,1.5,-74.11
2022-11-08 11:41:00,11.5,72.72,-8.5,43.05
2022-11-08 11:42:00,9.0,0.3,-2.5,-72.42
2022-11-08 11:43:00,11.5,57.3,2.5,57.0
2022-11-08 11:44:00,22.0,0.45,10.5,-56.85
2022-11-08 11:45:00,17.0,45.78,-5.0,45.33
2022-11-08 11:46:00,13.0,11.4,-4.0,-34.38
2022-11-08 11:47:00,46.0,502.31,33.0,490.91
2022-11-08 11:48:00,46.5,91.42,0.5,-410.89
2022-11-08 11:49:00,13.5,425.02,-33.0,333.6
2022-11-08 11:50:00,27.0,93.0,13.5,-332.02
2022-11-08 11:51:00,28.0,201.99,1.0,108.99
2022-11-08 11:52:00,11.0,43.8,-17.0,-158.19
2022-11-08 11:53:00,9.5,10.73,-1.5,-33.07
2022-11-08 11:54:00,21.0,26.23,11.5,15.5
2022-11-08 11:55:00,33.0,11.26,12.0,-14.97
2022-11-08 11:56:00,20.5,140.87,-12.5,129.61
2022-11-08 11:57:00,11.5,152.73,-9.0,11.86
2022-11-08 11:58:00,27.5,49.96,16.0,-102.77
2022-11-08 11:59:00,14.0,39.75,-13.5,-10.21
2022-11-08 12:00:00,27.5,39.72,13.5,-0.03
2022-11-08 12:01:00,34.0,33.95,6.5,-5.77
2022-11-08 12:02:00,38.5,523.26,4.5,489.31
2022-11-08 12:03:00,23.0,379.49,-15.5,-143.77
2022-11-08 12:04:00,45.5,393.68,22.5,14.19
2022-11-08 12:05:00,54.5,65.04,9.0,-328.64
2022-11-08 12:06:00,31.0,421.32,-23.5,356.28
2022-11-08 12:07:00,13.0,150.55,-18.0,-270.77
2022-11-08 12:08:00,17.5,49.19,4.5,-101.36
2022-11-08 12:09:00,17.5,9.19,0.0,-40.0
2022-11-08 12:10:00,18.0,329.92,0.5,320.73
2022-11-08 12:11:00,23.0,285.38,5.0,-44.54
2022-11-08 12:12:00,20.5,9.38,-2.5,-276.0
2022-11-08 12:13:00,18.5,7.64,-2.0,-1.74
2022-11-08 12:14:00,36.0,306.63,17.5,298.99
2022-11-08 12:15:00,13.5,264.09,-22.5,-42.54
2022-11-08 12:16:00,21.0,40.02,7.5,-224.07
2022-11-08 12:17:00,11.5,90.27,-9.5,50.25
2022-11-08 12:18:00,39.5,162.02,28.0,71.75
2022-11-08 12:19:00,16.0,65.04,-23.5,-96.98
2022-11-08 12:20:00,14.5,180.46,-1.5,115.42
2022-11-08 12:21:00,19.5,183.57,5.0,3.11
2022-11-08 12:22:00,26.0,67.88,6.5,-115.69
2022-11-08 12:23:00,30.0,84.28,4.0,16.4
2022-11-08 12:24:00,7.5,2.08,-22.5,-82.2
2022-11-08 12:25:00,18.5,4.45,11.0,2.37
2022-11-08 12:26:00,34.5,42.17,16.0,37.72
2022-11-08 12:27:00,12.0,63.31,-22.5,21.14
2022-11-08 12:28:00,15.0,35.11,3.0,-28.2
2022-11-08 12:29:00,9.0,39.3,-6.0,4.19
2022-11-08 12:30:00,9.5,13.47,0.5,-25.83
2022-11-08 12:31:00,12.0,16.71,2.5,3.24
2022-11-08 12:32:00,14.5,72.63,2.5,55.92
2022-11-08 12:33:00,5.5,62.49,-9.0,-10.14
2022-11-08 12:34:00,24.0,33.36,18.5,-29.13
2022-11-08 12:35:00,14.5,10.0,-9.5,-23.36
2022-11-08 12:36:00,22.0,65.11,7.5,55.11
2022-11-08 12:37:00,20.5,196.16,-1.5,131.05
2022-11-08 12:38:00,9.0,188.57,-11.5,-7.59
2022-11-08 12:39:00,13.0,17.31,4.0,-171.26
2022-11-08 12:40:00,15.5,102.62,2.5,85.31
2022-11-08 12:41:00,21.0,41.2,5.5,-61.42
2022-11-08 12:42:00,5.5,58.78,-15.5,17.58
2022-11-08 12:43:00,16.5,98.57,11.0,39.79
2022-11-08 12:44:00,16.0,10.04,-0.5,-88.53
2022-11-08 12:45:00,9.5,11.86,-6.5,1.82
2022-11-08 12:46:00,17.0,41.54,7.5,29.68
2022-11-08 12:47:00,2.5,8.3,-14.5,-33.24
2022-11-08 12:48:00,12.5,94.67,10.0,86.37
2022-11-08 12:49:00,14.5,106.01,2.0,11.34
2022-11-08 12:50:00,26.0,136.47,11.5,30.46
2022-11-08 12:51:00,24.5,153.94,-1.5,17.47
2022-11-08 12:52:00,12.5,142.24,-12.0,-11.7
2022-11-08 12:53:00,3.0,153.28,-9.5,11.04
2022-11-08 12:54:00,12.0,43.71,9.0,-109.57
2022-11-08 12:55:00,5.5,68.01,-6.5,24.3
2022-11-08 12:56:00,0.5,14.84,-5.0,-53.17
2022-11-08 12:57:00,5.5,27.2,5.0,12.36
2022-11-08 12:58:00,27.0,61.04,21.5,33.84
2022-11-08 12:59:00,6.0,16.9,-21.0,-44.14
2022-11-08 13:00:00,5.0,53.97,-1.0,37.07
2022-11-08 13:01:00,4.0,0.94,-1.0,-53.03
2022-11-08 13:02:00,4.0,18.41,0.0,17.47
2022-11-08 13:03:00,12.5,21.02,8.5,2.61
2022-11-08 13:04:00,7.5,25.44,-5.0,4.42
2022-11-08 13:05:00,11.5,30.42,4.0,4.98
2022-11-08 13:06:00,29.5,158.84,18.0,128.42
2022-11-08 13:07:00,22.0,22.12,-7.5,-136.72
2022-11-08 13:08:00,39.0,208.99,17.0,186.87
2022-11-08 13:09:00,8.0,226.1,-31.0,17.11
2022-11-08 13:10:00,34.5,38.44,26.5,-187.66
2022-11-08 13:11:00,11.5,54.81,-23.0,16.37
2022-11-08 13:12:00,11.0,53.02,-0.5,-1.79
2022-11-08 13:13:00,18.0,83.17,7.0,30.15
2022-11-08 13:14:00,21.0,168.97,3.0,85.8
2022-11-08 13:15:00,18.5,225.84,-2.5,56.87
2022-11-08 13:16:00,31.0,21.49,12.5,-204.35
2022-11-08 13:17:00,17.5,4.02,-13.5,-17.47
2022-11-08 13:18:00,19.0,0.79,1.5,-3.23
2022-11-08 13:19:00,15.0,65.32,-4.0,64.53
2022-11-08 13:20:00,18.5,23.76,3.5,-41.56
2022-11-08 13:21:00,4.5,0.95,-14.0,-22.81
2022-11-08 13:22:00,7.0,28.59,2.5,27.64
2022-11-08 13:23:00,20.5,13.78,13.5,-14.81
2022-11-08 13:24:00,7.0,27.19,-13.5,13.41
2022-11-08 13:25:00,13.0,8.36,6.0,-18.83
2022-11-08 13:26:00,18.0,6.19,5.0,-2.17
2022-11-08 13:27:00,0.5,14.6,-17.5,8.41
2022-11-08 13:28:00,16.5,86.98,16.0,72.38
2022-11-08 13:29:00,17.0,47.7,0.5,-39.28
2022-11-08 13:30:00,23.0,65.31,6.0,17.61
2022-11-08 13:31:00,13.5,45.18,-9.5,-20.13
2022-11-08 13:32:00,16.5,32.62,3.0,-12.56
2022-11-08 13:33:00,13.0,22.98,-3.5,-9.64
2022-11-08 13:34:00,15.5,128.38,2.5,105.4
2022-11-08 13:35:00,24.0,96.66,8.5,-31.72
2022-11-08 13:36:00,11.5,68.29,-12.5,-28.37
2022-11-08 13:37:00,25.0,389.41,13.5,321.12
2022-11-08 13:38:00,13.0,88.04,-12.0,-301.37
2022-11-08 13:39:00,0.5,291.35,-12.5,203.31
2022-11-08 13:40:00,8.0,55.27,7.5,-236.08
2022-11-08 13:41:00,12.0,60.41,4.0,5.14
2022-11-08 13:42:00,30.5,183.41,18.5,123.0
2022-11-08 13:43:00,29.0,169.28,-1.5,-14.13
2022-11-08 13:44:00,14.0,249.22,-15.0,79.94
2022-11-08 13:45:00,19.5,43.09,5.5,-206.13
2022-11-08 13:46:00,44.0,481.23,24.5,438.14
2022-11-08 13:47:00,17.5,137.26,-26.5,-343.97
2022-11-08 13:48:00,14.5,136.9,-3.0,-0.36
2022-11-08 13:49:00,30.5,72.39,16.0,-64.51
2022-11-08 13:50:00,29.0,272.81,-1.5,200.42
2022-11-08 13:51:00,22.0,10.71,-7.0,-262.1
2022-11-08 13:52:00,19.5,8.04,-2.5,-2.67
2022-11-08 13:53:00,19.5,255.69,0.0,247.65
2022-11-08 13:54:00,15.0,306.76,-4.5,51.07
2022-11-08 13:55:00,11.5,64.98,-3.5,-241.78
2022-11-08 13:56:00,10.5,11.69,-1.0,-53.29
2022-11-08 13:57:00,18.0,5.13,7.5,-6.56
2022-11-08 13:58:00,8.0,54.33,-10.0,49.2
2022-11-08 13:59:00,22.0,35.68,14.0,-18.65
2022-11-08 14:00:00,12.0,14.25,-10.0,-21.43
2022-11-08 14:01:00,24.5,120.26,12.5,106.01
2022-11-08 14:02:00,18.0,64.66,-6.5,-55.6
2022-11-08 14:03:00,14.5,87.91,-3.5,23.25
2022-11-08 14:04:00,43.5,48.7,29.0,-39.21
2022-11-08 14:05:00,21.5,133.98,-22.0,85.28
2022-11-08 14:06:00,10.0,81.53,-11.5,-52.45
2022-11-08 14:07:00,14.0,64.25,4.0,-17.28
2022-11-08 14:08:00,22.0,53.72,8.0,-10.53
2022-11-08 14:09:00,11.5,107.36,-10.5,53.64
2022-11-08 14:10:00,16.0,72.21,4.5,-35.15
2022-11-08 14:11:00,18.5,61.31,2.5,-10.9
2022-11-08 14:12:00,17.0,36.08,-1.5,-25.23
2022-11-08 14:13:00,11.0,103.66,-6.0,67.58
2022-11-08 14:14:00,4.0,16.94,-7.0,-86.72
2022-11-08 14:15:00,15.5,20.11,11.5,3.17
2022-11-08 14:16:00,21.5,2.51,6.0,-17.6
2022-11-08 14:17:00,14.0,62.9,-7.5,60.39
2022-11-08 14:18:00,13.0,28.58,-1.0,-34.32
2022-11-08 14:19:00,12.5,110.02,-0.5,81.44
2022-11-08 14:20:00,14.0,11.73,1.5,-98.29
2022-11-08 14:21:00,7.0,8.76,-7.0,-2.97
2022-11-08 14:22:00,3.5,0.42,-3.5,-8.34
2022-11-08 14:23:00,0.5,13.15,-3.0,12.73
2022-11-08 14:24:00,11.5,10.9,11.0,-2.25
2022-11-08 14:25:00,11.5,2.71,0.0,-8.19
2022-11-08 14:26:00,13.5,7.26,2.0,4.55
2022-11-08 14:27:00,15.0,7.45,1.5,0.19
2022-11-08 14:28:00,5.5,3.77,-9.5,-3.68
2022-11-08 14:29:00,1.0,9.88,-4.5,6.11
2022-11-08 14:30:00,13.0,76.11,12.0,66.23
2022-11-08 14:31:00,8.0,61.12,-5.0,-14.99
2022-11-08 14:32:00,19.0,122.57,11.0,61.45
2022-11-08 14:33:00,4.0,123.52,-15.0,0.95
2022-11-08 14:34:00,12.0,9.24,8.0,-114.28
2022-11-08 14:35:00,3.5,23.95,-8.5,14.71
2022-11-08 14:36:00,4.0,4.2,0.5,-19.75
2022-11-08 14:37:00,6.5,1.82,2.5,-2.38
2022-11-08 14:38:00,15.5,134.81,9.0,132.99
2022-11-08 14:39:00,16.5,125.61,1.0,-9.2
2022-11-08 14:40:00,11.5,17.85,-5.0,-107.76
2022-11-08 14:41:00,10.0,32.59,-1.5,14.74
2022-11-08 14:42:00,13.0,7.57,3.0,-25.02
2022-11-08 14:43:00,6.0,209.1,-7.0,201.53
2022-11-08 14:44:00,2.5,230.74,-3.5,21.64
2022-11-08 14:45:00,18.5,105.82,16.0,-124.92
2022-11-08 14:46:00,12.0,94.69,-6.5,-11.13
2022-11-08 14:47:00,27.5,43.45,15.5,-51.24
2022-11-08 14:48:00,26.0,125.74,-1.5,82.29
2022-11-08 14:49:00,25.0,161.26,-1.0,35.52
2022-11-08 14:50:00,24.0,1.74,-1.0,-159.52
2022-11-08 14:51:00,10.0,70.63,-14.0,68.89
2022-11-08 14:52:00,12.5,8.86,2.5,-61.77
2022-11-08 14:53:00,0.5,64.59,-12.0,55.73
2022-11-08 14:54:00,19.5,286.62,19.0,222.03
2022-11-08 14:55:00,9.5,298.66,-10.0,12.04
2022-11-08 14:56:00,27.5,131.28,18.0,-167.38
2022-11-08 14:57:00,18.0,3.68,-9.5,-127.6
2022-11-08 14:58:00,17.5,87.63,-0.5,83.95
2022-11-08 14:59:00,11.0,14.58,-6.5,-73.05
2022-11-08 15:00:00,21.0,18.49,10.0,3.91
2022-11-08 15:01:00,4.5,28.82,-16.5,10.33
2022-11-08 15:02:00,2.0,4.72,-2.5,-24.1
2022-11-08 15:03:00,7.5,55.45,5.5,50.73
2022-11-08 15:04:00,17.5,1.36,10.0,-54.09
2022-11-08 15:05:00,26.5,48.56,9.0,47.2
2022-11-08 15:06:00,6.5,94.47,-20.0,45.91
2022-11-08 15:07:00,8.0,0.34,1.5,-94.13
2022-11-08 15:08:00,13.5,71.71,5.5,71.37
2022-11-08 15:09:00,11.5,48.56,-2.0,-23.15
2022-11-08 15:10:00,14.5,32.94,3.0,-15.62
2022-11-08 15:11:00,5.0,21.89,-9.5,-11.05
2022-11-08 15:12:00,5.5,36.14,0.5,14.25
2022-11-08 15:13:00,1.5,31.8,-4.0,-4.34
2022-11-08 15:14:00,10.0,8.65,8.5,-23.15
2022-11-08 15:15:00,12.0,96.43,2.0,87.78
2022-11-08 15:16:00,18.0,31.03,6.0,-65.4
2022-11-08 15:17:00,0.5,62.48,-17.5,31.45
2022-11-08 15:18:00,26.0,45.74,25.5,-16.74
2022-11-08 15:19:00,6.5,22.52,-19.5,-23.22
2022-11-08 15:20:00,12.0,1.28,5.5,-21.24
2022-11-08 15:21:00,10.0,14.57,-2.0,13.29
2022-11-08 15:22:00,8.5,2.79,-1.5,-11.78
2022-11-08 15:23:00,12.0,15.74,3.5,12.95
2022-11-08 15:24:00,2.5,4.71,-9.5,-11.03
2022-11-08 15:25:00,5.0,1.63,2.5,-3.08
2022-11-08 15:26:00,5.0,12.65,0.0,11.02
2022-11-08 15:27:00,17.5,27.09,12.5,14.44
2022-11-08 15:28:00,3.0,37.17,-14.5,10.08
2022-11-08 15:29:00,0.5,12.93,-2.5,-24.24
2022-11-08 15:30:00,7.0,0.46,6.5,-12.47
2022-11-08 15:31:00,3.0,2.54,-4.0,2.08
2022-11-08 15:32:00,10.0,102.62,7.0,100.08
2022-11-08 15:33:00,4.5,88.79,-5.5,-13.83
2022-11-08 15:34:00,8.0,5.55,3.5,-83.24
2022-11-08 15:35:00,4.0,9.6,-4.0,4.05
2022-11-08 15:36:00,15.5,0.49,11.5,-9.11
2022-11-08 15:37:00,8.0,11.25,-7.5,10.76
2022-11-08 15:38:00,8.5,35.34,0.5,24.09
2022-11-08 15:39:00,6.0,31.16,-2.5,-4.18
2022-11-08 15:40:00,10.0,32.25,4.0,1.09
2022-11-08 15:41:00,8.0,35.27,-2.0,3.02
2022-11-08 15:42:00,22.0,26.61,14.0,-8.66
2022-11-08 15:43:00,10.0,1.47,-12.0,-25.14
2022-11-08 15:44:00,19.0,19.51,9.0,18.04
2022-11-08 15:45:00,18.0,13.29,-1.0,-6.22
2022-11-08 15:46:00,4.5,11.85,-13.5,-1.44
2022-11-08 15:47:00,0.5,16.18,-4.0,4.33
2022-11-08 15:48:00,1.5,20.73,1.0,4.55
2022-11-08 15:49:00,7.5,14.18,6.0,-6.55
2022-11-08 15:50:00,6.5,6.11,-1.0,-8.07
2022-11-08 15:51:00,10.5,32.06,4.0,25.95
2022-11-08 15:52:00,10.0,6.98,-0.5,-25.08
2022-11-08 15:53:00,23.0,81.53,13.0,74.55
2022-11-08 15:54:00,15.5,63.28,-7.5,-18.25
2022-11-08 15:55:00,14.0,32.28,-1.5,-31.0
2022-11-08 15:56:00,4.5,38.18,-9.5,5.9
2022-11-08 15:57:00,2.0,2.23,-2.5,-35.95
2022-11-08 15:58:00,12.5,80.54,10.5,78.31
2022-11-08 15:59:00,9.0,36.36,-3.5,-44.18
2022-11-08 16:00:00,16.0,6.43,7.0,-29.93
2022-11-08 16:01:00,4.0,47.4,-12.0,40.97
2022-11-08 16:02:00,2.0,1.88,-2.0,-45.52
2022-11-08 16:03:00,9.0,38.97,7.0,37.09
2022-11-08 16:04:00,16.5,61.07,7.5,22.1
2022-11-08 16:05:00,10.0,24.31,-6.5,-36.76
2022-11-08 16:06:00,0.5,47.69,-9.5,23.38
2022-11-08 16:07:00,3.5,10.58,3.0,-37.11
2022-11-08 16:08:00,11.5,52.16,8.0,41.58
2022-11-08 16:09:00,4.5,72.93,-7.0,20.77
2022-11-08 16:10:00,7.0,16.75,2.5,-56.18
2022-11-08 16:11:00,6.0,6.41,-1.0,-10.34
2022-11-08 16:12:00,4.0,14.0,-2.0,7.59
2022-11-08 16:13:00,0.5,0.52,-3.5,-13.48
2022-11-08 16:14:00,34.0,298.16,33.5,297.64
2022-11-08 16:15:00,8.0,270.14,-26.0,-28.02
2022-11-08 16:16:00,8.0,2.11,0.0,-268.03
2022-11-08 16:17:00,0.5,22.89,-7.5,20.78
2022-11-08 16:18:00,19.5,31.88,19.0,8.99
2022-11-08 16:19:00,5.0,23.84,-14.5,-8.04
2022-11-08 16:20:00,19.0,63.19,14.0,39.35
2022-11-08 16:21:00,9.0,3.43,-10.0,-59.76
2022-11-08 16:22:00,4.0,54.51,-5.0,51.08
2022-11-08 16:23:00,1.0,25.33,-3.0,-29.18
2022-11-08 16:24:00,7.0,134.59,6.0,109.26
2022-11-08 16:25:00,13.5,30.0,6.5,-104.59
2022-11-08 16:26:00,5.0,62.54,-8.5,32.54
2022-11-08 16:27:00,10.0,85.76,5.0,23.22
2022-11-08 16:28:00,28.5,282.71,18.5,196.95
2022-11-08 16:29:00,16.0,351.06,-12.5,68.35
2022-11-08 16:30:00,11.0,39.27,-5.0,-311.79
2022-11-08 16:31:00,13.0,31.7,2.0,-7.57
2022-11-08 16:32:00,10.5,57.64,-2.5,25.94
2022-11-08 16:33:00,51.5,450.11,41.0,392.47
2022-11-08 16:34:00,59.5,555.18,8.0,105.07
2022-11-08 16:35:00,31.5,718.8,-28.0,163.62
2022-11-08 16:36:00,32.5,43.87,1.0,-674.93
2022-11-08 16:37:00,25.5,138.26,-7.0,94.39
2022-11-08 16:38:00,30.5,26.47,5.0,-111.79
2022-11-08 16:39:00,24.0,103.04,-6.5,76.57
2022-11-08 16:40:00,16.0,98.49,-8.0,-4.55
2022-11-08 16:41:00,8.0,95.34,-8.0,-3.15
2022-11-08 16:42:00,17.0,14.83,9.0,-80.51
2022-11-08 16:43:00,22.5,25.25,5.5,10.42
2022-11-08 16:44:00,17.0,38.79,-5.5,13.54
2022-11-08 16:45:00,24.0,21.88,7.0,-16.91
2022-11-08 16:46:00,13.0,74.8,-11.0,52.92
2022-11-08 16:47:00,20.0,3.83,7.0,-70.97
2022-11-08 16:48:00,13.0,36.72,-7.0,32.89
2022-11-08 16:49:00,9.5,2.33,-3.5,-34.39
2022-11-08 16:50:00,19.0,7.85,9.5,5.52
2022-11-08 16:51:00,11.5,22.45,-7.5,14.6
2022-11-08 16:52:00,9.5,71.59,-2.0,49.14
2022-11-08 16:53:00,7.0,9.68,-2.5,-61.91
2022-11-08 16:54:00,8.5,11.81,1.5,2.13
2022-11-08 16:55:00,3.0,2.95,-5.5,-8.86
2022-11-08 16:56:00,19.0,69.69,16.0,66.74
2022-11-08 16:57:00,8.5,55.13,-10.5,-14.56
2022-11-08 16:58:00,20.5,69.27,12.0,14.14
2022-11-08 16:59:00,12.0,19.12,-8.5,-50.15
2022-11-08 17:00:00,18.5,21.83,6.5,2.71
2022-11-08 17:01:00,17.5,14.69,-1.0,-7.14
2022-11-08 17:02:00,14.5,36.24,-3.0,21.55
2022-11-08 17:03:00,33.5,93.11,19.0,56.87
2022-11-08 17:04:00,11.0,102.28,-22.5,9.17
2022-11-08 17:05:00,12.0,0.12,1.0,-102.16
2022-11-08 17:06:00,13.0,13.56,1.0,13.44
2022-11-08 17:07:00,6.0,60.72,-7.0,47.16
2022-11-08 17:08:00,13.0,38.72,7.0,-22.0
2022-11-08 17:09:00,5.5,7.31,-7.5,-31.41
2022-11-08 17:10:00,6.5,30.09,1.0,22.78
2022-11-08 17:11:00,6.0,74.13,-0.5,44.04
2022-11-08 17:12:00,15.0,61.94,9.0,-12.19
2022-11-08 17:13:00,11.0,35.63,-4.0,-26.31
2022-11-08 17:14:00,14.5,248.31,3.5,212.68
2022-11-08 17:15:00,11.5,203.96,-3.0,-44.35
2022-11-08 17:16:00,5.0,51.49,-6.5,-152.47
2022-11-08 17:17:00,9.0,35.87,4.0,-15.62
2022-11-08 17:18:00,6.5,12.77,-2.5,-23.1
2022-11-08 17:19:00,9.5,12.72,3.0,-0.05
2022-11-08 17:20:00,10.5,20.27,1.0,7.55
2022-11-08 17:21:00,0.5,28.12,-10.0,7.85
2022-11-08 17:22:00,5.5,19.21,5.0,-8.91
2022-11-08 17:23:00,25.0,239.66,19.5,220.45
2022-11-08 17:24:00,13.5,238.14,-11.5,-1.52
2022-11-08 17:25:00,15.0,8.84,1.5,-229.3
2022-11-08 17:26:00,17.5,346.96,2.5,338.12
2022-11-08 17:27:00,9.0,351.89,-8.5,4.93
2022-11-08 17:28:00,5.0,30.32,-4.0,-321.57
2022-11-08 17:29:00,6.0,19.77,1.0,-10.55
2022-11-08 17:30:00,14.5,37.74,8.5,17.97
2022-11-08 17:31:00,7.0,51.84,-7.5,14.1
2022-11-08 17:32:00,8.0,3.45,1.0,-48.39
2022-11-08 17:33:00,7.5,11.39,-0.5,7.94
2022-11-08 17:34:00,3.0,9.82,-4.5,-1.57
2022-11-08 17:35:00,12.0,11.45,9.0,1.63
2022-11-08 17:36:00,21.0,213.1,9.0,201.65
2022-11-08 17:37:00,5.0,168.11,-16.0,-44.99
2022-11-08 17:38:00,13.5,38.86,8.5,-129.25
2022-11-08 17:39:00,17.5,37.54,4.0,-1.32
2022-11-08 17:40:00,13.5,83.42,-4.0,45.88
2022-11-08 17:41:00,8.5,22.75,-5.0,-60.67
2022-11-08 17:42:00,16.5,14.97,8.0,-7.78
2022-11-08 17:43:00,15.5,12.37,-1.0,-2.6
2022-11-08 17:44:00,20.5,193.17,5.0,180.8
2022-11-08 17:45:00,16.0,158.82,-4.5,-34.35
2022-11-08 17:46:00,24.5,46.85,8.5,-111.97
2022-11-08 17:47:00,17.0,90.72,-7.5,43.87
2022-11-08 17:48:00,24.0,30.3,7.0,-60.42
2022-11-08 17:49:00,11.0,24.74,-13.0,-5.56
2022-11-08 17:50:00,8.0,53.88,-3.0,29.14
2022-11-08 17:51:00,3.0,16.47,-5.0,-37.41
2022-11-08 17:52:00,11.5,19.93,8.5,3.46
2022-11-08 17:53:00,6.5,86.64,-5.0,66.71
2022-11-08 17:54:00,8.5,83.67,2.0,-2.97
2022-11-08 17:55:00,7.0,17.71,-1.5,-65.96
2022-11-08 17:56:00,4.0,10.6,-3.0,-7.11
2022-11-08 17:57:00,9.5,10.9,5.5,0.3
2022-11-08 17:58:00,4.0,5.87,-5.5,-5.03
2022-11-08 17:59:00,6.0,35.74,2.0,29.87
2022-11-08 18:00:00,11.5,32.12,5.5,-3.62
2022-11-08 18:01:00,7.0,6.07,-4.5,-26.05
2022-11-08 18:02:00,10.5,0.9,3.5,-5.17
2022-11-08 18:03:00,16.0,1.23,5.5,0.33
2022-11-08 18:04:00,8.5,22.65,-7.5,21.42
2022-11-08 18:05:00,0.5,6.96,-8.0,-15.69
2022-11-08 18:06:00,7.0,29.05,6.5,22.09
2022-11-08 18:07:00,11.0,31.25,4.0,2.2
2022-11-08 18:08:00,17.5,17.72,6.5,-13.53
2022-11-08 18:09:00,28.5,304.41,11.0,286.69
2022-11-08 18:10:00,13.5,256.27,-15.0,-48.14
2022-11-08 18:11:00,21.0,66.79,7.5,-189.48
2022-11-08 18:12:00,4.0,45.87,-17.0,-20.92
2022-11-08 18:13:00,14.0,27.17,10.0,-18.7
2022-11-08 18:14:00,12.5,23.07,-1.5,-4.1
2022-11-08 18:15:00,21.0,49.01,8.5,25.94
2022-11-08 18:16:00,3.0,37.49,-18.0,-11.52
2022-11-08 18:17:00,4.0,87.1,1.0,49.61
2022-11-08 18:18:00,8.5,85.2,4.5,-1.9
2022-11-08 18:19:00,11.5,43.62,3.0,-41.58
2022-11-08 18:20:00,5.5,53.74,-6.0,10.12
2022-11-08 18:21:00,6.5,10.14,1.0,-43.6
2022-11-08 18:22:00,6.0,16.15,-0.5,6.01
2022-11-08 18:23:00,12.0,2.98,6.0,-13.17
2022-11-08 18:24:00,6.0,7.75,-6.0,4.77
2022-11-08 18:25:00,8.0,16.86,2.0,9.11
2022-11-08 18:26:00,11.5,1.14,3.5,-15.72
2022-11-08 18:27:00,4.0,2.16,-7.5,1.02
2022-11-08 18:28:00,10.0,93.59,6.0,91.43
2022-11-08 18:29:00,9.0,71.04,-1.0,-22.55
2022-11-08 18:30:00,10.0,22.15,1.0,-48.89
2022-11-08 18:31:00,10.0,28.35,0.0,6.2
2022-11-08 18:32:00,0.5,12.12,-9.5,-16.23
2022-11-08 18:33:00,12.0,9.37,11.5,-2.75
2022-11-08 18:34:00,0.5,22.93,-11.5,13.56
2022-11-08 18:35:00,10.5,12.07,10.0,-10.86
2022-11-08 18:36:00,14.0,27.57,3.5,15.5
2022-11-08 18:37:00,0.5,52.24,-13.5,24.67
2022-11-08 18:38:00,7.0,16.42,6.5,-35.82
2022-11-08 18:39:00,17.5,36.3,10.5,19.88
2022-11-08 18:40:00,11.0,34.46,-6.5,-1.84
2022-11-08 18:41:00,10.0,21.75,-1.0,-12.71
2022-11-08 18:42:00,1.5,2.95,-8.5,-18.8
2022-11-08 18:43:00,0.5,0.71,-1.0,-2.24
2022-11-08 18:44:00,0.5,1.0,0.0,0.29
2022-11-08 18:45:00,6.5,28.43,6.0,27.43
2022-11-08 18:46:00,24.0,11.77,17.5,-16.66
2022-11-08 18:47:00,5.5,32.1,-18.5,20.33
2022-11-08 18:48:00,11.0,12.97,5.5,-19.13
2022-11-08 18:49:00,8.0,10.0,-3.0,-2.97
2022-11-08 18:50:00,16.0,37.08,8.0,27.08
2022-11-08 18:51:00,17.5,27.19,1.5,-9.89
2022-11-08 18:52:00,8.5,9.28,-9.0,-17.91
2022-11-08 18:53:00,3.0,27.03,-5.5,17.75
2022-11-08 18:54:00,2.0,12.08,-1.0,-14.95
2022-11-08 18:55:00,3.5,2.05,1.5,-10.03
2022-11-08 18:56:00,18.5,49.1,15.0,47.05
2022-11-08 18:57:00,25.0,22.16,6.5,-26.94
2022-11-08 18:58:00,23.5,134.64,-1.5,112.48
2022-11-08 18:59:00,16.5,30.79,-7.0,-103.85
2022-11-08 19:00:00,5.5,118.23,-11.0,87.44
2022-11-08 19:01:00,39.0,289.81,33.5,171.58
2022-11-08 19:02:00,10.5,188.95,-28.5,-100.86
2022-11-08 19:03:00,12.0,25.53,1.5,-163.42
2022-11-08 19:04:00,13.0,65.99,1.0,40.46
2022-11-08 19:05:00,2.5,55.96,-10.5,-10.03
2022-11-08 19:06:00,6.0,17.96,3.5,-38.0
2022-11-08 19:07:00,10.0,30.74,4.0,12.78
2022-11-08 19:08:00,4.5,36.32,-5.5,5.58
2022-11-08 19:09:00,16.0,36.96,11.5,0.64
2022-11-08 19:10:00,5.0,12.96,-11.0,-24.0
2022-11-08 19:11:00,14.5,3.39,9.5,-9.57
2022-11-08 19:12:00,1.0,43.95,-13.5,40.56
2022-11-08 19:13:00,23.0,55.96,22.0,12.01
2022-11-08 19:14:00,10.5,38.93,-12.5,-17.03
2022-11-08 19:15:00,4.5,3.21,-6.0,-35.72
2022-11-08 19:16:00,0.5,4.47,-4.0,1.26
2022-11-08 19:17:00,10.5,18.12,10.0,13.65
2022-11-08 19:18:00,8.5,23.57,-2.0,5.45
2022-11-08 19:19:00,11.5,0.13,3.0,-23.44
2022-11-08 19:20:00,11.5,69.73,0.0,69.6
2022-11-08 19:21:00,4.0,100.11,-7.5,30.38
2022-11-08 19:22:00,0.5,2.09,-3.5,-98.02
2022-11-08 19:23:00,45.0,311.18,44.5,309.09
2022-11-08 19:24:00,46.5,865.15,1.5,553.97
2022-11-08 19:25:00,52.5,357.06,6.0,-508.09
2022-11-08 19:26:00,35.5,313.54,-17.0,-43.52
2022-11-08 19:27:00,79.0,692.28,43.5,378.74
2022-11-08 19:28:00,40.0,691.46,-39.0,-0.82
2022-11-08 19:29:00,22.5,329.45,-17.5,-362.01
2022-11-08 19:30:00,22.5,109.62,0.0,-219.83
2022-11-08 19:31:00,45.5,575.03,23.0,465.41
2022-11-08 19:32:00,53.5,456.15,8.0,-118.88
2022-11-08 19:33:00,23.0,62.31,-30.5,-393.84
2022-11-08 19:34:00,32.5,208.73,9.5,146.42
2022-11-08 19:35:00,23.5,14.42,-9.0,-194.31
2022-11-08 19:36:00,28.5,50.31,5.0,35.89
2022-11-08 19:37:00,26.5,33.22,-2.0,-17.09
2022-11-08 19:38:00,27.5,123.26,1.0,90.04
2022-11-08 19:39:00,55.0,177.13,27.5,53.87
2022-11-08 19:40:00,29.5,9.38,-25.5,-167.75
2022-11-08 19:41:00,20.5,188.7,-9.0,179.32
2022-11-08 19:42:00,17.5,24.99,-3.0,-163.71
2022-11-08 19:43:00,24.0,19.07,6.5,-5.92
2022-11-08 19:44:00,21.5,84.24,-2.5,65.17
2022-11-08 19:45:00,24.5,44.13,3.0,-40.11
2022-11-08 19:46:00,30.0,92.45,5.5,48.32
2022-11-08 19:47:00,47.0,212.45,17.0,120.0
2022-11-08 19:48:00,27.5,15.56,-19.5,-196.89
2022-11-08 19:49:00,27.0,121.25,-0.5,105.69
2022-11-08 19:50:00,63.0,483.85,36.0,362.6
2022-11-08 19:51:00,22.0,440.32,-41.0,-43.53
2022-11-08 19:52:00,25.5,124.81,3.5,-315.51
2022-11-08 19:53:00,54.5,103.73,29.0,-21.08
2022-11-08 19:54:00,30.0,99.26,-24.5,-4.47
2022-11-08 19:55:00,30.0,141.82,0.0,42.56
2022-11-08 19:56:00,20.0,125.2,-10.0,-16.62
2022-11-08 19:57:00,30.0,255.22,10.0,130.02
2022-11-08 19:58:00,15.0,208.51,-15.0,-46.71
2022-11-08 19:59:00,12.5,140.37,-2.5,-68.14
2022-11-08 20:00:00,41.0,238.69,28.5,98.32
2022-11-08 20:01:00,19.5,52.63,-21.5,-186.06
2022-11-08 20:02:00,28.0,39.22,8.5,-13.41
2022-11-08 20:03:00,30.5,116.26,2.5,77.04
2022-11-08 20:04:00,18.5,37.86,-12.0,-78.4
2022-11-08 20:05:00,51.5,213.55,33.0,175.69
2022-11-08 20:06:00,64.5,800.84,13.0,587.29
2022-11-08 20:07:00,68.0,17.41,3.5,-783.43
2022-11-08 20:08:00,49.5,340.58,-18.5,323.17
2022-11-08 20:09:00,45.0,126.25,-4.5,-214.33
2022-11-08 20:10:00,63.0,178.78,18.0,52.53
2022-11-08 20:11:00,80.0,689.46,17.0,510.68
2022-11-08 20:12:00,116.5,160.91,36.5,-528.55
2022-11-08 20:13:00,41.5,1177.75,-75.0,1016.84
2022-11-08 20:14:00,45.5,82.12,4.0,-1095.63
2022-11-08 20:15:00,64.5,91.4,19.0,9.28
2022-11-08 20:16:00,33.0,228.24,-31.5,136.84
2022-11-08 20:17:00,25.0,21.59,-8.0,-206.65
2022-11-08 20:18:00,40.0,274.88,15.0,253.29
2022-11-08 20:19:00,53.5,63.59,13.5,-211.29
2022-11-08 20:20:00,36.5,10.48,-17.0,-53.11
2022-11-08 20:21:00,68.5,515.46,32.0,504.98
2022-11-08 20:22:00,30.0,126.8,-38.5,-388.66
2022-11-08 20:23:00,41.5,184.61,11.5,57.81
2022-11-08 20:24:00,18.5,373.75,-23.0,189.14
2022-11-08 20:25:00,44.0,281.6,25.5,-92.15
2022-11-08 20:26:00,45.0,189.09,1.0,-92.51
2022-11-08 20:27:00,35.5,75.59,-9.5,-113.5
2022-11-08 20:28:00,28.5,142.57,-7.0,66.98
2022-11-08 20:29:00,40.0,109.12,11.5,-33.45
2022-11-08 20:30:00,17.5,73.62,-22.5,-35.5
2022-11-08 20:31:00,62.5,113.33,45.0,39.71
2022-11-08 20:32:00,38.0,172.2,-24.5,58.87
2022-11-08 20:33:00,47.0,183.81,9.0,11.61
2022-11-08 20:34:00,34.0,136.7,-13.0,-47.11
2022-11-08 20:35:00,27.5,269.23,-6.5,132.53
2022-11-08 20:36:00,64.5,226.01,37.0,-43.22
2022-11-08 20:37:00,27.0,235.09,-37.5,9.08
2022-11-08 20:38:00,32.0,135.74,5.0,-99.35
2022-11-08 20:39:00,17.0,13.56,-15.0,-122.18
2022-11-08 20:40:00,20.0,40.71,3.0,27.15
2022-11-08 20:41:00,35.0,20.23,15.0,-20.48
2022-11-08 20:42:00,22.5,59.8,-12.5,39.57
2022-11-08 20:43:00,36.0,4.66,13.5,-55.14
2022-11-08 20:44:00,35.5,77.87,-0.5,73.21
2022-11-08 20:45:00,20.5,16.03,-15.0,-61.84
2022-11-08 20:46:00,48.0,94.04,27.5,78.01
2022-11-08 20:47:00,21.5,4.6,-26.5,-89.44
2022-11-08 20:48:00,46.0,55.73,24.5,51.13
2022-11-08 20:49:00,55.5,179.33,9.5,123.6
2022-11-08 20:50:00,10.0,260.5,-45.5,81.17
2022-11-08 20:51:00,35.0,74.5,25.0,-186.0
2022-11-08 20:52:00,40.0,77.36,5.0,2.86
2022-11-08 20:53:00,35.0,34.34,-5.0,-43.02
2022-11-08 20:54:00,24.0,73.62,-11.0,39.28
2022-11-08 20:55:00,32.0,107.46,8.0,33.84
2022-11-08 20:56:00,27.5,124.91,-4.5,17.45
2022-11-08 20:57:00,24.0,160.33,-3.5,35.42
2022-11-08 20:58:00,30.0,258.9,6.0,98.57
2022-11-08 20:59:00,145.5,3342.77,115.5,3083.87
2022-11-08 21:00:00,60.5,2768.32,-85.0,-574.45
2022-11-08 21:01:00,40.5,474.61,-20.0,-2293.71
2022-11-08 21:02:00,28.5,182.9,-12.0,-291.71
2022-11-08 21:03:00,18.5,65.39,-10.0,-117.51
2022-11-08 21:04:00,18.0,50.0,-0.5,-15.39
2022-11-08 21:05:00,44.5,111.22,26.5,61.22
2022-11-08 21:06:00,26.0,35.71,-18.5,-75.51
2022-11-08 21:07:00,10.0,163.37,-16.0,127.66
2022-11-08 21:08:00,25.5,186.11,15.5,22.74
2022-11-08 21:09:00,27.5,19.81,2.0,-166.3
2022-11-08 21:10:00,18.0,225.12,-9.5,205.31
2022-11-08 21:11:00,14.0,32.21,-4.0,-192.91
2022-11-08 21:12:00,20.0,10.45,6.0,-21.76
2022-11-08 21:13:00,22.0,56.08,2.0,45.63
2022-11-08 21:14:00,19.5,39.64,-2.5,-16.44
2022-11-08 21:15:00,21.5,73.01,2.0,33.37
2022-11-08 21:16:00,38.0,82.65,16.5,9.64
2022-11-08 21:17:00,25.0,168.3,-13.0,85.65
2022-11-08 21:18:00,19.0,58.26,-6.0,-110.04
2022-11-08 21:19:00,8.0,47.07,-11.0,-11.19
2022-11-08 21:20:00,33.0,537.38,25.0,490.31
2022-11-08 21:21:00,28.0,474.85,-5.0,-62.53
2022-11-08 21:22:00,17.5,118.81,-10.5,-356.04
2022-11-08 21:23:00,25.0,388.87,7.5,270.06
2022-11-08 21:24:00,25.5,221.2,0.5,-167.67
2022-11-08 21:25:00,16.0,72.25,-9.5,-148.95
2022-11-08 21:26:00,20.5,44.43,4.5,-27.82
2022-11-08 21:27:00,25.5,257.35,5.0,212.92
2022-11-08 21:28:00,14.0,243.48,-11.5,-13.87
2022-11-08 21:29:00,56.5,464.23,42.5,220.75
2022-11-08 21:30:00,47.5,210.35,-9.0,-253.88
2022-11-08 21:31:00,48.0,390.69,0.5,180.34
2022-11-08 21:32:00,60.0,82.48,12.0,-308.21
2022-11-08 21:33:00,156.5,1816.6,96.5,1734.12
2022-11-08 21:34:00,114.0,745.95,-42.5,-1070.65
2022-11-08 21:35:00,116.5,360.6,2.5,-385.35
2022-11-08 21:36:00,139.0,1646.53,22.5,1285.93
2022-11-08 21:37:00,133.0,2565.17,-6.0,918.64
2022-11-08 21:38:00,133.5,1945.98,0.5,-619.19
2022-11-08 21:39:00,176.5,180.6,43.0,-1765.38
2022-11-08 21:40:00,239.0,476.37,62.5,295.77
2022-11-08 21:41:00,137.5,2177.7,-101.5,1701.33
2022-11-08 21:42:00,79.0,98.18,-58.5,-2079.52
2022-11-08 21:43:00,141.0,979.75,62.0,881.57
2022-11-08 21:44:00,114.5,1284.06,-26.5,304.31
2022-11-08 21:45:00,76.0,537.14,-38.5,-746.92
2022-11-08 21:46:00,75.5,123.68,-0.5,-413.46
2022-11-08 21:47:00,58.5,863.16,-17.0,739.48
2022-11-08 21:48:00,34.0,242.09,-24.5,-621.07
2022-11-08 21:49:00,95.5,966.37,61.5,724.28
2022-11-08 21:50:00,77.5,382.98,-18.0,-583.39
2022-11-08 21:51:00,69.5,622.55,-8.0,239.57
2022-11-08 21:52:00,103.0,222.72,33.5,-399.83
2022-11-08 21:53:00,56.5,287.53,-46.5,64.81
2022-11-08 21:54:00,52.5,332.02,-4.0,44.49
2022-11-08 21:55:00,47.5,85.01,-5.0,-247.01
2022-11-08 21:56:00,23.5,404.82,-24.0,319.81
2022-11-08 21:57:00,30.5,40.84,7.0,-363.98
2022-11-08 21:58:00,40.0,9.51,9.5,-31.33
2022-11-08 21:59:00,24.5,291.64,-15.5,282.13
2022-11-08 22:00:00,33.5,169.91,9.0,-121.73
2022-11-08 22:01:00,192.0,2370.3,158.5,2200.39
2022-11-08 22:02:00,308.0,3708.86,116.0,1338.56
2022-11-08 22:03:00,154.5,1578.52,-153.5,-2130.34
2022-11-08 22:04:00,101.5,2445.01,-53.0,866.49
2022-11-08 22:05:00,82.5,969.59,-19.0,-1475.42
2022-11-08 22:06:00,83.0,419.79,0.5,-549.8
2022-11-08 22:07:00,45.5,377.96,-37.5,-41.83
2022-11-08 22:08:00,75.5,112.22,30.0,-265.74
2022-11-08 22:09:00,50.5,362.36,-25.0,250.14
2022-11-08 22:10:00,79.0,26.57,28.5,-335.79
2022-11-08 22:11:00,50.0,7.9,-29.0,-18.67
2022-11-08 22:12:00,100.5,1323.47,50.5,1315.57
2022-11-08 22:13:00,84.0,1155.54,-16.5,-167.93
2022-11-08 22:14:00,43.0,153.19,-41.0,-1002.35
2022-11-08 22:15:00,49.0,127.06,6.0,-26.13
2022-11-08 22:16:00,73.5,666.93,24.5,539.87
2022-11-08 22:17:00,58.5,64.23,-15.0,-602.7
2022-11-08 22:18:00,46.5,639.2,-12.0,574.97
2022-11-08 22:19:00,41.0,52.18,-5.5,-587.02
2022-11-08 22:20:00,52.0,192.47,11.0,140.29
2022-11-08 22:21:00,45.0,264.88,-7.0,72.41
2022-11-08 22:22:00,45.0,298.97,0.0,34.09
2022-11-08 22:23:00,29.0,61.66,-16.0,-237.31
2022-11-08 22:24:00,23.5,36.73,-5.5,-24.93
2022-11-08 22:25:00,39.5,117.42,16.0,80.69
2022-11-08 22:26:00,46.5,10.63,7.0,-106.79
2022-11-08 22:27:00,75.0,1263.47,28.5,1252.84
2022-11-08 22:28:00,50.5,835.93,-24.5,-427.54
2022-11-08 22:29:00,31.5,394.1,-19.0,-441.83
2022-11-08 22:30:00,64.0,165.96,32.5,-228.14
2022-11-08 22:31:00,73.5,233.86,9.5,67.9
2022-11-08 22:32:00,152.0,2153.85,78.5,1919.99
2022-11-08 22:33:00,52.0,2435.03,-100.0,281.18
2022-11-08 22:34:00,70.0,443.04,18.0,-1991.99
2022-11-08 22:35:00,130.0,1216.56,60.0,773.52
2022-11-08 22:36:00,89.0,789.84,-41.0,-426.72
2022-11-08 22:37:00,53.5,840.4,-35.5,50.56
2022-11-08 22:38:00,53.0,175.54,-0.5,-664.86
2022-11-08 22:39:00,30.0,112.68,-23.0,-62.86
2022-11-08 22:40:00,41.5,59.53,11.5,-53.15
2022-11-08 22:41:00,35.5,121.62,-6.0,62.09
2022-11-08 22:42:00,49.0,152.86,13.5,31.24
2022-11-08 22:43:00,54.5,151.99,5.5,-0.87
2022-11-08 22:44:00,59.0,321.14,4.5,169.15
2022-11-08 22:45:00,95.5,101.7,36.5,-219.44
2022-11-08 22:46:00,69.0,340.37,-26.5,238.67
2022-11-08 22:47:00,39.0,176.3,-30.0,-164.07
2022-11-08 22:48:00,33.5,209.63,-5.5,33.33
2022-11-08 22:49:00,50.0,8.34,16.5,-201.29
2022-11-08 22:50:00,127.5,2582.49,77.5,2574.15
2022-11-08 22:51:00,131.5,1311.77,4.0,-1270.72
2022-11-08 22:52:00,132.5,8.98,1.0,-1302.79
2022-11-08 22:53:00,114.5,251.66,-18.0,242.68
2022-11-08 22:54:00,125.0,34.76,10.5,-216.9
2022-11-08 22:55:00,79.5,70.7,-45.5,35.94
2022-11-08 22:56:00,94.0,792.02,14.5,721.32
2022-11-08 22:57:00,153.0,1689.96,59.0,897.94
2022-11-08 22:58:00,88.5,1165.67,-64.5,-524.29
2022-11-08 22:59:00,85.5,232.85,-3.0,-932.82
2022-11-08 23:00:00,92.0,171.9,6.5,-60.95
2022-11-08 23:01:00,62.0,628.65,-30.0,456.75
2022-11-08 23:02:00,45.0,2.97,-17.0,-625.68
2022-11-08 23:03:00,98.0,947.82,53.0,944.85
2022-11-08 23:04:00,89.5,82.22,-8.5,-865.6
2022-11-08 23:05:00,129.5,182.25,40.0,100.03
2022-11-08 23:06:00,41.0,840.4,-88.5,658.15
2022-11-08 23:07:00,56.5,305.47,15.5,-534.93
2022-11-08 23:08:00,49.0,526.61,-7.5,221.14
2022-11-08 23:09:00,64.0,209.84,15.0,-316.77
2022-11-08 23:10:00,35.5,229.69,-28.5,19.85
2022-11-08 23:11:00,54.0,21.66,18.5,-208.03
2022-11-08 23:12:00,35.5,70.74,-18.5,49.08
2022-11-08 23:13:00,59.0,255.5,23.5,184.76
2022-11-08 23:14:00,54.0,51.22,-5.0,-204.28
2022-11-08 23:15:00,42.5,75.64,-11.5,24.42
2022-11-08 23:16:00,54.5,74.84,12.0,-0.8
2022-11-08 23:17:00,114.0,462.42,59.5,387.58
2022-11-08 23:18:00,70.0,264.28,-44.0,-198.14
2022-11-08 23:19:00,48.0,260.84,-22.0,-3.44
2022-11-08 23:20:00,57.5,131.83,9.5,-129.01
2022-11-08 23:21:00,151.0,1053.17,93.5,921.34
2022-11-08 23:22:00,112.5,649.49,-38.5,-403.68
2022-11-08 23:23:00,127.5,569.84,15.0,-79.65
2022-11-08 23:24:00,144.0,186.69,16.5,-383.15
2022-11-08 23:25:00,122.5,1488.5,-21.5,1301.81
2022-11-08 23:26:00,87.0,482.05,-35.5,-1006.45
2022-11-08 23:27:00,49.0,1191.42,-38.0,709.37
2022-11-08 23:28:00,54.5,15.44,5.5,-1175.98
2022-11-08 23:29:00,113.5,652.71,59.0,637.27
2022-11-08 23:30:00,238.0,1289.39,124.5,636.68
2022-11-08 23:31:00,127.5,695.48,-110.5,-593.91
2022-11-08 23:32:00,99.0,1124.86,-28.5,429.38
2022-11-08 23:33:00,78.0,14.74,-21.0,-1110.12
2022-11-08 23:34:00,123.0,614.6,45.0,599.86
2022-11-08 23:35:00,300.0,4943.99,177.0,4329.39
2022-11-08 23:36:00,202.0,1857.58,-98.0,-3086.41
2022-11-08 23:37:00,330.0,455.62,128.0,-1401.96
2022-11-08 23:38:00,155.0,5734.93,-175.0,5279.31
2022-11-08 23:39:00,232.5,1442.29,77.5,-4292.64
2022-11-08 23:40:00,97.5,1787.65,-135.0,345.36
2022-11-08 23:41:00,119.0,779.81,21.5,-1007.84
2022-11-08 23:42:00,104.0,324.09,-15.0,-455.72
2022-11-08 23:43:00,134.5,295.23,30.5,-28.86
2022-11-08 23:44:00,84.0,14.92,-50.5,-280.31
2022-11-08 23:45:00,49.5,470.46,-34.5,455.54
2022-11-08 23:46:00,142.5,882.12,93.0,411.66
2022-11-08 23:47:00,103.5,293.18,-39.0,-588.94
2022-11-08 23:48:00,202.5,2744.79,99.0,2451.61
2022-11-08 23:49:00,224.5,70.26,22.0,-2674.53
2022-11-08 23:50:00,186.5,1576.32,-38.0,1506.06
2022-11-08 23:51:00,285.0,127.58,98.5,-1448.74
2022-11-08 23:52:00,530.5,6196.57,245.5,6068.99
2022-11-08 23:53:00,282.5,8302.19,-248.0,2105.62
2022-11-08 23:54:00,224.0,684.51,-58.5,-7617.68
2022-11-08 23:55:00,105.5,1799.72,-118.5,1115.21
2022-11-08 23:56:00,167.5,302.14,62.0,-1497.58
2022-11-08 23:57:00,122.0,693.75,-45.5,391.61
2022-11-08 23:58:00,110.0,875.43,-12.0,181.68
2022-11-08 23:59:00,109.0,873.92,-1.0,-1.51
2022-11-09 00:00:00,86.5,1208.12,-22.5,334.2
2022-11-09 00:01:00,110.0,171.68,23.5,-1036.44
2022-11-09 00:02:00,162.5,755.04,52.5,583.36
2022-11-09 00:03:00,166.5,902.25,4.0,147.21
2022-11-09 00:04:00,106.0,1206.2,-60.5,303.95
2022-11-09 00:05:00,100.5,304.62,-5.5,-901.58
2022-11-09 00:06:00,106.0,28.38,5.5,-276.24
2022-11-09 00:07:00,80.5,324.58,-25.5,296.2
2022-11-09 00:08:00,56.5,139.8,-24.0,-184.78
2022-11-09 00:09:00,66.5,193.2,10.0,53.4
2022-11-09 00:10:00,119.5,1004.35,53.0,811.15
2022-11-09 00:11:00,196.5,243.48,77.0,-760.87
2022-11-09 00:12:00,126.5,204.36,-70.0,-39.12
2022-11-09 00:13:00,82.0,821.98,-44.5,617.62
2022-11-09 00:14:00,84.0,113.8,2.0,-708.18
2022-11-09 00:15:00,37.5,243.42,-46.5,129.62
2022-11-09 00:16:00,93.5,538.8,56.0,295.38
2022-11-09 00:17:00,105.5,647.7,12.0,108.9
2022-11-09 00:18:00,52.0,1002.43,-53.5,354.73
2022-11-09 00:19:00,63.0,146.44,11.0,-855.99
2022-11-09 00:20:00,52.5,117.17,-10.5,-29.27
2022-11-09 00:21:00,42.5,51.55,-10.0,-65.62
2022-11-09 00:22:00,110.5,313.44,68.0,261.89
2022-11-09 00:23:00,85.5,236.84,-25.0,-76.6
2022-11-09 00:24:00,72.0,612.76,-13.5,375.92
2022-11-09 00:25:00,97.5,433.08,25.5,-179.68
2022-11-09 00:26:00,129.0,971.94,31.5,538.86
2022-11-09 00:27:00,54.5,994.85,-74.5,22.91
2022-11-09 00:28:00,75.5,437.57,21.0,-557.28
2022-11-09 00:29:00,78.0,566.39,2.5,128.82
2022-11-09 00:30:00,165.5,583.69,87.5,17.3
2022-11-09 00:31:00,104.0,886.85,-61.5,303.16
2022-11-09 00:32:00,58.0,75.5,-46.0,-811.35
2022-11-09 00:33:00,75.5,179.48,17.5,103.98
2022-11-09 00:34:00,44.5,4.72,-31.0,-174.76
2022-11-09 00:35:00,38.0,203.26,-6.5,198.54
2022-11-09 00:36:00,25.0,17.47,-13.0,-185.79
2022-11-09 00:37:00,63.0,186.05,38.0,168.58
2022-11-09 00:38:00,58.5,11.1,-4.5,-174.95
2022-11-09 00:39:00,62.0,346.11,3.5,335.01
2022-11-09 00:40:00,74.5,503.25,12.5,157.14
2022-11-09 00:41:00,119.5,479.83,45.0,-23.42
2022-11-09 00:42:00,64.5,1215.6,-55.0,735.77
2022-11-09 00:43:00,100.5,945.76,36.0,-269.84
2022-11-09 00:44:00,89.0,901.25,-11.5,-44.51
2022-11-09 00:45:00,125.0,298.9,36.0,-602.35
2022-11-09 00:46:00,73.5,27.46,-51.5,-271.44
2022-11-09 00:47:00,75.5,517.41,2.0,489.95
2022-11-09 00:48:00,53.5,383.28,-22.0,-134.13
2022-11-09 00:49:00,48.5,538.24,-5.0,154.96
2022-11-09 00:50:00,62.5,291.5,14.0,-246.74
2022-11-09 00:51:00,187.0,1838.56,124.5,1547.06
2022-11-09 00:52:00,169.0,427.02,-18.0,-1411.54
2022-11-09 00:53:00,319.0,2448.91,150.0,2021.89
2022-11-09 00:54:00,384.0,2035.62,65.0,-413.29
2022-11-09 00:55:00,201.0,3105.64,-183.0,1070.02
2022-11-09 00:56:00,253.5,987.16,52.5,-2118.48
2022-11-09 00:57:00,125.5,2716.48,-128.0,1729.32
2022-11-09 00:58:00,333.0,5642.75,207.5,2926.27
2022-11-09 00:59:00,236.0,4647.86,-97.0,-994.89
2022-11-09 01:00:00,348.0,5905.78,112.0,1257.92
2022-11-09 01:01:00,384.5,250.53,36.5,-5655.25
2022-11-09 01:02:00,680.5,1556.43,296.0,1305.9
2022-11-09 01:03:00,498.5,1755.19,-182.0,198.76
2022-11-09 01:04:00,1070.0,649.94,571.5,-1105.25
2022-11-09 01:05:00,572.5,3061.14,-497.5,2411.2
2022-11-09 01:06:00,365.5,2004.23,-207.0,-1056.91
2022-11-09 01:07:00,233.0,1587.77,-132.5,-416.46
2022-11-09 01:08:00,242.5,1095.85,9.5,-491.92
2022-11-09 01:09:00,332.5,66.33,90.0,-1029.52
2022-11-09 01:10:00,215.0,1256.36,-117.5,1190.03
2022-11-09 01:11:00,92.5,655.0,-122.5,-601.36
2022-11-09 01:12:00,83.0,561.66,-9.5,-93.34
2022-11-09 01:13:00,163.5,513.06,80.5,-48.6
2022-11-09 01:14:00,187.0,202.27,23.5,-310.79
2022-11-09 01:15:00,202.5,40.99,15.5,-161.28
2022-11-09 01:16:00,359.0,3604.93,156.5,3563.94
2022-11-09 01:17:00,161.0,2675.75,-198.0,-929.18
2022-11-09 01:18:00,164.0,748.7,3.0,-1927.05
2022-11-09 01:19:00,174.0,269.88,10.0,-478.82
2022-11-09 01:20:00,159.5,257.3,-14.5,-12.58
2022-11-09 01:21:00,62.0,404.01,-97.5,146.71
2022-11-09 01:22:00,94.0,99.96,32.0,-304.05
2022-11-09 01:23:00,148.5,144.37,54.5,44.41
2022-11-09 01:24:00,150.5,735.65,2.0,591.28
2022-11-09 01:25:00,106.5,614.78,-44.0,-120.87
2022-11-09 01:26:00,118.5,6.54,12.0,-608.24
2022-11-09 01:27:00,48.0,545.34,-70.5,538.8
2022-11-09 01:28:00,101.0,15.71,53.0,-529.63
2022-11-09 01:29:00,58.5,62.65,-42.5,46.94
2022-11-09 01:30:00,122.5,221.96,64.0,159.31
2022-11-09 01:31:00,108.5,326.96,-14.0,105.0
2022-11-09 01:32:00,115.0,30.89,6.5,-296.07
2022-11-09 01:33:00,54.0,572.31,-61.0,541.42
2022-11-09 01:34:00,53.5,41.44,-0.5,-530.87
2022-11-09 01:35:00,119.0,225.23,65.5,183.79
2022-11-09 01:36:00,70.0,146.94,-49.0,-78.29
2022-11-09 01:37:00,126.0,652.15,56.0,505.21
2022-11-09 01:38:00,186.5,399.25,60.5,-252.9
2022-11-09 01:39:00,278.5,1081.46,92.0,682.21
2022-11-09 01:40:00,303.5,996.75,25.0,-84.71
2022-11-09 01:41:00,212.0,1185.53,-91.5,188.78
2022-11-09 01:42:00,112.5,1163.68,-99.5,-21.85
2022-11-09 01:43:00,187.0,12.36,74.5,-1151.32
2022-11-09 01:44:00,115.5,144.78,-71.5,132.42
2022-11-09 01:45:00,104.5,424.2,-11.0,279.42
2022-11-09 01:46:00,131.0,900.47,26.5,476.27
2022-11-09 01:47:00,102.5,390.47,-28.5,-510.0
2022-11-09 01:48:00,99.5,48.93,-3.0,-341.54
2022-11-09 01:49:00,111.0,533.84,11.5,484.91
2022-11-09 01:50:00,140.5,468.23,29.5,-65.61
2022-11-09 01:51:00,93.0,170.2,-47.5,-298.03
2022-11-09 01:52:00,57.5,211.06,-35.5,40.86
2022-11-09 01:53:00,111.5,99.44,54.0,-111.62
2022-11-09 01:54:00,136.5,504.44,25.0,405.0
2022-11-09 01:55:00,77.0,304.97,-59.5,-199.47
2022-11-09 01:56:00,78.5,168.3,1.5,-136.67
2022-11-09 01:57:00,73.0,369.35,-5.5,201.05
2022-11-09 01:58:00,66.5,50.17,-6.5,-319.18
2022-11-09 01:59:00,56.5,12.73,-10.0,-37.44
2022-11-09 02:00:00,100.0,187.21,43.5,174.48
2022-11-09 02:01:00,57.0,4.91,-43.0,-182.3
2022-11-09 02:02:00,75.5,202.39,18.5,197.48
2022-11-09 02:03:00,84.0,27.29,8.5,-175.1
2022-11-09 02:04:00,59.5,56.37,-24.5,29.08
2022-11-09 02:05:00,78.5,50.79,19.0,-5.58
2022-11-09 02:06:00,96.0,80.78,17.5,29.99
2022-11-09 02:07:00,53.0,20.3,-43.0,-60.48
2022-11-09 02:08:00,97.5,27.11,44.5,6.81
2022-11-09 02:09:00,68.0,287.6,-29.5,260.49
2022-11-09 02:10:00,58.0,45.88,-10.0,-241.72
2022-11-09 02:11:00,19.0,120.48,-39.0,74.6
2022-11-09 02:12:00,49.0,139.05,30.0,18.57
2022-11-09 02:13:00,58.5,55.77,9.5,-83.28
2022-11-09 02:14:00,48.0,59.8,-10.5,4.03
2022-11-09 02:15:00,26.5,10.55,-21.5,-49.25
2022-11-09 02:16:00,105.0,1116.02,78.5,1105.47
2022-11-09 02:17:00,42.5,686.72,-62.5,-429.3
2022-11-09 02:18:00,80.0,583.11,37.5,-103.61
2022-11-09 02:19:00,70.5,634.42,-9.5,51.31
2022-11-09 02:20:00,110.5,151.88,40.0,-482.54
2022-11-09 02:21:00,72.5,195.92,-38.0,44.04
2022-11-09 02:22:00,46.5,47.91,-26.0,-148.01
2022-11-09 02:23:00,44.0,82.14,-2.5,34.23
2022-11-09 02:24:00,83.0,86.51,39.0,4.37
2022-11-09 02:25:00,59.5,32.3,-23.5,-54.21
2022-11-09 02:26:00,50.0,50.84,-9.5,18.54
2022-11-09 02:27:00,46.0,68.82,-4.0,17.98
2022-11-09 02:28:00,41.5,50.57,-4.5,-18.25
2022-11-09 02:29:00,81.0,298.07,39.5,247.5
2022-11-09 02:30:00,65.0,26.85,-16.0,-271.22
2022-11-09 02:31:00,72.5,130.29,7.5,103.44
2022-11-09 02:32:00,56.0,304.98,-16.5,174.69
2022-11-09 02:33:00,38.5,29.72,-17.5,-275.26
2022-11-09 02:34:00,64.0,132.51,25.5,102.79
2022-11-09 02:35:00,48.5,241.76,-15.5,109.25
2022-11-09 02:36:00,58.5,186.99,10.0,-54.77
2022-11-09 02:37:00,60.5,17.16,2.0,-169.83
2022-11-09 02:38:00,44.5,53.96,-16.0,36.8
2022-11-09 02:39:00,34.0,168.6,-10.5,114.64
2022-11-09 02:40:00,32.5,69.93,-1.5,-98.67
2022-11-09 02:41:00,80.5,159.2,48.0,89.27
2022-11-09 02:42:00,66.5,93.01,-14.0,-66.19
2022-11-09 02:43:00,65.5,95.88,-1.0,2.87
2022-11-09 02:44:00,55.5,228.3,-10.0,132.42
2022-11-09 02:45:00,37.5,3.19,-18.0,-225.11
2022-11-09 02:46:00,81.5,212.4,44.0,209.21
2022-11-09 02:47:00,43.0,23.48,-38.5,-188.92
2022-11-09 02:48:00,63.0,35.28,20.0,11.8
2022-11-09 02:49:00,47.5,202.27,-15.5,166.99
2022-11-09 02:50:00,67.5,97.88,20.0,-104.39
2022-11-09 02:51:00,57.0,22.01,-10.5,-75.87
2022-11-09 02:52:00,31.5,133.95,-25.5,111.94
2022-11-09 02:53:00,27.0,77.91,-4.5,-56.04
2022-11-09 02:54:00,41.0,255.97,14.0,178.06
2022-11-09 02:55:00,71.0,15.8,30.0,-240.17
2022-11-09 02:56:00,32.5,114.98,-38.5,99.18
2022-11-09 02:57:00,75.0,62.25,42.5,-52.73
2022-11-09 02:58:00,82.0,185.12,7.0,122.87
2022-11-09 02:59:00,54.5,366.56,-27.5,181.44
2022-11-09 03:00:00,30.5,23.33,-24.0,-343.23
2022-11-09 03:01:00,57.0,92.55,26.5,69.22
2022-11-09 03:02:00,28.0,118.38,-29.0,25.83
2022-11-09 03:03:00,36.5,39.91,8.5,-78.47
2022-11-09 03:04:00,59.5,7.87,23.0,-32.04
2022-11-09 03:05:00,54.5,195.78,-5.0,187.91
2022-11-09 03:06:00,66.5,20.65,12.0,-175.13
2022-11-09 03:07:00,26.5,88.72,-40.0,68.07
2022-11-09 03:08:00,28.5,138.45,2.0,49.73
2022-11-09 03:09:00,52.0,132.36,23.5,-6.09
2022-11-09 03:10:00,46.5,186.64,-5.5,54.28
2022-11-09 03:11:00,85.0,229.25,38.5,42.61
2022-11-09 03:12:00,79.5,273.17,-5.5,43.92
2022-11-09 03:13:00,58.0,207.76,-21.5,-65.41
2022-11-09 03:14:00,61.0,6.28,3.0,-201.48
2022-11-09 03:15:00,70.5,83.45,9.5,77.17
2022-11-09 03:16:00,66.0,238.86,-4.5,155.41
2022-11-09 03:17:00,29.0,276.21,-37.0,37.35
2022-11-09 03:18:00,52.5,114.64,23.5,-161.57
2022-11-09 03:19:00,65.5,90.96,13.0,-23.68
2022-11-09 03:20:00,89.0,165.08,23.5,74.12
2022-11-09 03:21:00,114.0,887.37,25.0,722.29
2022-11-09 03:22:00,52.0,821.87,-62.0,-65.5
2022-11-09 03:23:00,29.5,249.63,-22.5,-572.24
2022-11-09 03:24:00,47.0,195.35,17.5,-54.28
2022-11-09 03:25:00,50.0,134.21,3.0,-61.14
2022-11-09 03:26:00,63.0,105.63,13.0,-28.58
2022-11-09 03:27:00,45.0,129.99,-18.0,24.36
2022-11-09 03:28:00,90.5,86.32,45.5,-43.67
2022-11-09 03:29:00,43.5,96.9,-47.0,10.58
2022-11-09 03:30:00,63.5,165.2,20.0,68.3
2022-11-09 03:31:00,82.0,17.95,18.5,-147.25
2022-11-09 03:32:00,86.0,201.71,4.0,183.76
2022-11-09 03:33:00,29.5,181.15,-56.5,-20.56
2022-11-09 03:34:00,31.5,18.85,2.0,-162.3
2022-11-09 03:35:00,48.5,67.29,17.0,48.44
2022-11-09 03:36:00,42.5,193.11,-6.0,125.82
2022-11-09 03:37:00,41.5,333.92,-1.0,140.81
2022-11-09 03:38:00,35.0,105.31,-6.5,-228.61
2022-11-09 03:39:00,50.5,191.95,15.5,86.64
2022-11-09 03:40:00,45.0,164.42,-5.5,-27.53
2022-11-09 03:41:00,42.5,4.86,-2.5,-159.56
2022-11-09 03:42:00,47.0,317.84,4.5,312.98
2022-11-09 03:43:00,48.5,271.42,1.5,-46.42
2022-11-09 03:44:00,33.0,33.2,-15.5,-238.22
2022-11-09 03:45:00,35.5,20.49,2.5,-12.71
2022-11-09 03:46:00,56.0,95.35,20.5,74.86
2022-11-09 03:47:00,40.5,97.82,-15.5,2.47
2022-11-09 03:48:00,30.5,26.28,-10.0,-71.54
2022-11-09 03:49:00,91.5,516.83,61.0,490.55
2022-11-09 03:50:00,62.0,362.52,-29.5,-154.31
2022-11-09 03:51:00,35.0,94.82,-27.0,-267.7
2022-11-09 03:52:00,54.5,19.83,19.5,-74.99
2022-11-09 03:53:00,53.5,26.01,-1.0,6.18
2022-11-09 03:54:00,47.5,45.39,-6.0,19.38
2022-11-09 03:55:00,46.5,41.28,-1.0,-4.11
2022-11-09 03:56:00,21.5,61.41,-25.0,20.13
2022-11-09 03:57:00,24.5,9.34,3.0,-52.07
2022-11-09 03:58:00,58.0,127.26,33.5,117.92
2022-11-09 03:59:00,77.5,85.9,19.5,-41.36
2022-11-09 04:00:00,46.0,137.1,-31.5,51.2
2022-11-09 04:01:00,37.0,12.17,-9.0,-124.93
2022-11-09 04:02:00,22.5,28.52,-14.5,16.35
2022-11-09 04:03:00,37.0,4.53,14.5,-23.99
2022-11-09 04:04:00,37.0,10.17,0.0,5.64
2022-11-09 04:05:00,30.0,31.67,-7.0,21.5
2022-11-09 04:06:00,40.0,12.95,10.0,-18.72
2022-11-09 04:07:00,81.0,185.98,41.0,173.03
2022-11-09 04:08:00,25.0,196.51,-56.0,10.53
2022-11-09 04:09:00,25.5,60.48,0.5,-136.03
2022-11-09 04:10:00,39.0,89.2,13.5,28.72
2022-11-09 04:11:00,28.5,144.66,-10.5,55.46
2022-11-09 04:12:00,26.0,7.15,-2.5,-137.51
2022-11-09 04:13:00,7.5,25.52,-18.5,18.37
2022-11-09 04:14:00,23.0,74.0,15.5,48.48
2022-11-09 04:15:00,7.5,71.61,-15.5,-2.39
2022-11-09 04:16:00,21.0,0.47,13.5,-71.14
2022-11-09 04:17:00,18.5,84.41,-2.5,83.94
2022-11-09 04:18:00,70.0,101.84,51.5,17.43
2022-11-09 04:19:00,80.0,533.11,10.0,431.27
2022-11-09 04:20:00,3.0,647.58,-77.0,114.47
2022-11-09 04:21:00,34.5,83.96,31.5,-563.62
2022-11-09 04:22:00,7.5,157.46,-27.0,73.5
2022-11-09 04:23:00,83.0,226.68,75.5,69.22
2022-11-09 04:24:00,64.0,52.5,-19.0,-174.18
2022-11-09 04:25:00,27.0,218.38,-37.0,165.88
2022-11-09 04:26:00,31.0,64.39,4.0,-153.99
2022-11-09 04:27:00,28.5,143.11,-2.5,78.72
2022-11-09 04:28:00,48.5,107.52,20.0,-35.59
2022-11-09 04:29:00,67.0,243.3,18.5,135.78
2022-11-09 04:30:00,32.5,152.77,-34.5,-90.53
2022-11-09 04:31:00,49.5,47.05,17.0,-105.72
2022-11-09 04:32:00,36.0,140.01,-13.5,92.96
2022-11-09 04:33:00,62.0,137.52,26.0,-2.49
2022-11-09 04:34:00,19.0,61.27,-43.0,-76.25
2022-11-09 04:35:00,44.0,53.65,25.0,-7.62
2022-11-09 04:36:00,42.0,193.69,-2.0,140.04
2022-11-09 04:37:00,31.5,296.52,-10.5,102.83
2022-11-09 04:38:00,13.5,43.16,-18.0,-253.36
2022-11-09 04:39:00,27.5,67.32,14.0,24.16
2022-11-09 04:40:00,47.0,82.35,19.5,15.03
2022-11-09 04:41:00,27.0,146.81,-20.0,64.46
2022-11-09 04:42:00,15.0,164.45,-12.0,17.64
2022-11-09 04:43:00,10.0,166.47,-5.0,2.02
2022-11-09 04:44:00,27.5,16.56,17.5,-149.91
2022-11-09 04:45:00,12.5,22.53,-15.0,5.97
2022-11-09 04:46:00,64.5,53.34,52.0,30.81
2022-11-09 04:47:00,23.0,92.26,-41.5,38.92
2022-11-09 04:48:00,38.5,72.5,15.5,-19.76
2022-11-09 04:49:00,19.5,186.89,-19.0,114.39
2022-11-09 04:50:00,55.0,311.03,35.5,124.14
2022-11-09 04:51:00,19.5,307.76,-35.5,-3.27
2022-11-09 04:52:00,33.0,63.14,13.5,-244.62
2022-11-09 04:53:00,37.0,33.72,4.0,-29.42
2022-11-09 04:54:00,30.0,137.11,-7.0,103.39
2022-11-09 04:55:00,28.0,8.15,-2.0,-128.96
2022-11-09 04:56:00,29.5,29.79,1.5,21.64
2022-11-09 04:57:00,42.5,14.61,13.0,-15.18
2022-11-09 04:58:00,36.5,42.52,-6.0,27.91
2022-11-09 04:59:00,33.5,43.95,-3.0,1.43
2022-11-09 05:00:00,38.5,142.94,5.0,98.99
2022-11-09 05:01:00,22.0,53.46,-16.5,-89.48
2022-11-09 05:02:00,25.5,31.2,3.5,-22.26
2022-11-09 05:03:00,35.0,177.62,9.5,146.42
2022-11-09 05:04:00,29.0,84.54,-6.0,-93.08
2022-11-09 05:05:00,36.0,52.3,7.0,-32.24
2022-11-09 05:06:00,28.5,10.93,-7.5,-41.37
2022-11-09 05:07:00,60.5,79.18,32.0,68.25
2022-11-09 05:08:00,21.0,30.5,-39.5,-48.68
2022-11-09 05:09:00,65.0,338.13,44.0,307.63
2022-11-09 05:10:00,28.0,468.89,-37.0,130.76
2022-11-09 05:11:00,27.5,110.24,-0.5,-358.65
2022-11-09 05:12:00,36.0,25.91,8.5,-84.33
2022-11-09 05:13:00,29.5,32.87,-6.5,6.96
2022-11-09 05:14:00,63.5,217.46,34.0,184.59
2022-11-09 05:15:00,53.0,140.4,-10.5,-77.06
2022-11-09 05:16:00,60.0,92.2,7.0,-48.2
2022-11-09 05:17:00,43.0,82.29,-17.0,-9.91
2022-11-09 05:18:00,16.0,280.9,-27.0,198.61
2022-11-09 05:19:00,23.0,35.12,7.0,-245.78
2022-11-09 05:20:00,37.5,24.95,14.5,-10.17
2022-11-09 05:21:00,26.0,65.86,-11.5,40.91
2022-11-09 05:22:00,24.5,53.74,-1.5,-12.12
2022-11-09 05:23:00,16.0,19.12,-8.5,-34.62
2022-11-09 05:24:00,21.5,3.97,5.5,-15.15
2022-11-09 05:25:00,30.5,2.86,9.0,-1.11
2022-11-09 05:26:00,35.0,99.0,4.5,96.14
2022-11-09 05:27:00,6.5,105.07,-28.5,6.07
2022-11-09 05:28:00,28.0,64.47,21.5,-40.6
2022-11-09 05:29:00,47.5,97.2,19.5,32.73
2022-11-09 05:30:00,37.5,73.55,-10.0,-23.65
2022-11-09 05:31:00,76.5,123.53,39.0,49.98
2022-11-09 05:32:00,36.5,102.01,-40.0,-21.52
2022-11-09 05:33:00,56.0,344.28,19.5,242.27
2022-11-09 05:34:00,19.5,719.09,-36.5,374.81
2022-11-09 05:35:00,40.5,242.46,21.0,-476.63
2022-11-09 05:36:00,55.5,75.62,15.0,-166.84
2022-11-09 05:37:00,17.5,233.98,-38.0,158.36
2022-11-09 05:38:00,37.5,51.98,20.0,-182.0
2022-11-09 05:39:00,24.5,3.8,-13.0,-48.18
2022-11-09 05:40:00,40.5,223.6,16.0,219.8
2022-11-09 05:41:00,23.0,207.95,-17.5,-15.65
2022-11-09 05:42:00,18.5,53.01,-4.5,-154.94
2022-11-09 05:43:00,25.5,6.93,7.0,-46.08
2022-11-09 05:44:00,30.0,28.09,4.5,21.16
2022-11-09 05:45:00,16.5,71.85,-13.5,43.76
2022-11-09 05:46:00,39.0,132.21,22.5,60.36
2022-11-09 05:47:00,19.5,212.88,-19.5,80.67
2022-11-09 05:48:00,26.5,39.49,7.0,-173.39
2022-11-09 05:49:00,42.0,83.19,15.5,43.7
2022-11-09 05:50:00,10.5,7.19,-31.5,-76.0
2022-11-09 05:51:00,20.0,106.57,9.5,99.38
2022-11-09 05:52:00,27.5,202.9,7.5,96.33
2022-11-09 05:53:00,12.0,229.43,-15.5,26.53
2022-11-09 05:54:00,28.0,356.16,16.0,126.73
2022-11-09 05:55:00,25.5,15.21,-2.5,-340.95
2022-11-09 05:56:00,32.5,195.24,7.0,180.03
2022-11-09 05:57:00,13.0,130.48,-19.5,-64.76
2022-11-09 05:58:00,39.5,251.22,26.5,120.74
2022-11-09 05:59:00,22.0,283.17,-17.5,31.95
2022-11-09 06:00:00,20.5,45.94,-1.5,-237.23
2022-11-09 06:01:00,28.0,98.88,7.5,52.94
2022-11-09 06:02:00,11.5,23.6,-16.5,-75.28
2022-11-09 06:03:00,36.5,39.6,25.0,16.0
2022-11-09 06:04:00,14.5,56.1,-22.0,16.5
2022-11-09 06:05:00,16.5,138.7,2.0,82.6
2022-11-09 06:06:00,34.0,40.8,17.5,-97.9
2022-11-09 06:07:00,28.5,154.65,-5.5,113.85
2022-11-09 06:08:00,34.0,135.99,5.5,-18.66
2022-11-09 06:09:00,13.0,56.18,-21.0,-79.81
2022-11-09 06:10:00,19.0,156.01,6.0,99.83
2022-11-09 06:11:00,15.0,132.96,-4.0,-23.05
2022-11-09 06:12:00,10.0,53.33,-5.0,-79.63
2022-11-09 06:13:00,14.5,1.51,4.5,-51.82
2022-11-09 06:14:00,37.0,103.9,22.5,102.39
2022-11-09 06:15:00,20.0,50.15,-17.0,-53.75
2022-11-09 06:16:00,57.5,238.23,37.5,188.08
2022-11-09 06:17:00,23.5,222.25,-34.0,-15.98
2022-11-09 06:18:00,38.5,75.45,15.0,-146.8
2022-11-09 06:19:00,19.5,0.28,-19.0,-75.17
2022-11-09 06:20:00,31.0,189.14,11.5,188.86
2022-11-09 06:21:00,24.0,184.77,-7.0,-4.37
2022-11-09 06:22:00,35.0,16.76,11.0,-168.01
2022-11-09 06:23:00,56.0,248.11,21.0,231.35
2022-11-09 06:24:00,26.0,327.44,-30.0,79.33
2022-11-09 06:25:00,20.0,5.21,-6.0,-322.23
2022-11-09 06:26:00,15.5,14.84,-4.5,9.63
2022-11-09 06:27:00,22.0,42.15,6.5,27.31
2022-11-09 06:28:00,25.5,24.37,3.5,-17.78
2022-11-09 06:29:00,22.5,69.01,-3.0,44.64
2022-11-09 06:30:00,48.0,128.63,25.5,59.62
2022-11-09 06:31:00,54.0,126.71,6.0,-1.92
2022-11-09 06:32:00,27.0,153.21,-27.0,26.5
2022-11-09 06:33:00,29.0,21.21,2.0,-132.0
2022-11-09 06:34:00,32.5,21.96,3.5,0.75
2022-11-09 06:35:00,32.5,155.88,0.0,133.92
2022-11-09 06:36:00,34.5,163.51,2.0,7.63
2022-11-09 06:37:00,16.5,1.84,-18.0,-161.67
2022-11-09 06:38:00,15.5,66.32,-1.0,64.48
2022-11-09 06:39:00,14.5,2.27,-1.0,-64.05
2022-11-09 06:40:00,26.5,44.84,12.0,42.57
2022-11-09 06:41:00,12.0,41.65,-14.5,-3.19
2022-11-09 06:42:00,12.0,68.77,0.0,27.12
2022-11-09 06:43:00,35.5,136.24,23.5,67.47
2022-11-09 06:44:00,18.0,141.32,-17.5,5.08
2022-11-09 06:45:00,13.0,10.99,-5.0,-130.33
2022-11-09 06:46:00,32.0,13.51,19.0,2.52
2022-11-09 06:47:00,9.0,63.43,-23.0,49.92
2022-11-09 06:48:00,44.0,37.91,35.0,-25.52
2022-11-09 06:49:00,39.0,98.73,-5.0,60.82
2022-11-09 06:50:00,30.0,94.24,-9.0,-4.49
2022-11-09 06:51:00,26.5,141.95,-3.5,47.71
2022-11-09 06:52:00,42.0,39.78,15.5,-102.17
2022-11-09 06:53:00,19.0,82.11,-23.0,42.33
2022-11-09 06:54:00,29.5,44.46,10.5,-37.65
2022-11-09 06:55:00,12.5,12.4,-17.0,-32.06
2022-11-09 06:56:00,39.0,59.64,26.5,47.24
2022-11-09 06:57:00,23.5,32.42,-15.5,-27.22
2022-11-09 06:58:00,13.5,53.1,-10.0,20.68
2022-11-09 06:59:00,30.0,100.97,16.5,47.87
2022-11-09 07:00:00,24.5,71.01,-5.5,-29.96
2022-11-09 07:01:00,61.5,212.04,37.0,141.03
2022-11-09 07:02:00,35.0,65.6,-26.5,-146.44
2022-11-09 07:03:00,23.5,140.29,-11.5,74.69
2022-11-09 07:04:00,18.5,5.42,-5.0,-134.87
2022-11-09 07:05:00,36.0,243.56,17.5,238.14
2022-11-09 07:06:00,39.0,163.68,3.0,-79.88
2022-11-09 07:07:00,13.0,89.64,-26.0,-74.04
2022-11-09 07:08:00,18.5,9.78,5.5,-79.86
2022-11-09 07:09:00,44.5,189.53,26.0,179.75
2022-11-09 07:10:00,13.0,156.67,-31.5,-32.86
2022-11-09 07:11:00,16.0,94.61,3.0,-62.06
2022-11-09 07:12:00,9.0,123.75,-7.0,29.14
2022-11-09 07:13:00,12.5,41.56,3.5,-82.19
2022-11-09 07:14:00,32.5,153.08,20.0,111.52
2022-11-09 07:15:00,19.5,148.86,-13.0,-4.22
2022-11-09 07:16:00,18.0,20.61,-1.5,-128.25
2022-11-09 07:17:00,29.5,41.6,11.5,20.99
2022-11-09 07:18:00,14.5,67.98,-15.0,26.38
2022-11-09 07:19:00,18.0,3.33,3.5,-64.65
2022-11-09 07:20:00,18.0,221.56,0.0,218.23
2022-11-09 07:21:00,34.0,194.64,16.0,-26.92
2022-11-09 07:22:00,17.5,33.4,-16.5,-161.24
2022-11-09 07:23:00,19.0,48.21,1.5,14.81
2022-11-09 07:24:00,57.5,267.32,38.5,219.11
2022-11-09 07:25:00,23.0,157.58,-34.5,-109.74
2022-11-09 07:26:00,20.0,81.64,-3.0,-75.94
2022-11-09 07:27:00,28.0,117.15,8.0,35.51
2022-11-09 07:28:00,22.5,66.84,-5.5,-50.31
2022-11-09 07:29:00,16.0,226.16,-6.5,159.32
2022-11-09 07:30:00,21.5,55.26,5.5,-170.9
2022-11-09 07:31:00,24.0,37.38,2.5,-17.88
2022-11-09 07:32:00,11.0,94.14,-13.0,56.76
2022-11-09 07:33:00,26.0,80.94,15.0,-13.2
2022-11-09 07:34:00,23.0,91.36,-3.0,10.42
2022-11-09 07:35:00,43.0,344.44,20.0,253.08
2022-11-09 07:36:00,30.0,172.88,-13.0,-171.56
2022-11-09 07:37:00,33.0,72.55,3.0,-100.33
2022-11-09 07:38:00,14.0,120.47,-19.0,47.92
2022-11-09 07:39:00,25.5,2.54,11.5,-117.93
2022-11-09 07:40:00,22.5,61.72,-3.0,59.18
2022-11-09 07:41:00,42.5,60.11,20.0,-1.61
2022-11-09 07:42:00,26.0,30.06,-16.5,-30.05
2022-11-09 07:43:00,23.5,119.71,-2.5,89.65
2022-11-09 07:44:00,22.5,110.98,-1.0,-8.73
2022-11-09 07:45:00,16.0,3.11,-6.5,-107.87
2022-11-09 07:46:00,25.5,21.46,9.5,18.35
2022-11-09 07:47:00,22.5,30.19,-3.0,8.73
2022-11-09 07:48:00,14.0,37.12,-8.5,6.93
2022-11-09 07:49:00,20.5,16.72,6.5,-20.4
2022-11-09 07:50:00,31.5,112.64,11.0,95.92
2022-11-09 07:51:00,25.5,117.66,-6.0,5.02
2022-11-09 07:52:00,15.5,51.55,-10.0,-66.11
2022-11-09 07:53:00,20.5,20.86,5.0,-30.69
2022-11-09 07:54:00,52.0,146.01,31.5,125.15
2022-11-09 07:55:00,13.0,135.29,-39.0,-10.72
2022-11-09 07:56:00,28.0,47.13,15.0,-88.16
2022-11-09 07:57:00,30.5,183.77,2.5,136.64
2022-11-09 07:58:00,17.0,260.92,-13.5,77.15
2022-11-09 07:59:00,15.0,26.39,-2.0,-234.53
2022-11-09 08:00:00,42.5,4.2,27.5,-22.19
2022-11-09 08:01:00,79.0,395.9,36.5,391.7
2022-11-09 08:02:00,22.5,140.21,-56.5,-255.69
2022-11-09 08:03:00,25.0,102.66,2.5,-37.55
2022-11-09 08:04:00,26.0,73.12,1.0,-29.54
2022-11-09 08:05:00,49.0,130.79,23.0,57.67
2022-11-09 08:06:00,29.5,10.36,-19.5,-120.43
2022-11-09 08:07:00,16.0,155.32,-13.5,144.96
2022-11-09 08:08:00,23.5,35.38,7.5,-119.94
2022-11-09 08:09:00,20.5,33.73,-3.0,-1.65
2022-11-09 08:10:00,36.5,241.05,16.0,207.32
2022-11-09 08:11:00,34.0,48.07,-2.5,-192.98
2022-11-09 08:12:00,26.0,161.07,-8.0,113.0
2022-11-09 08:13:00,26.5,1.08,0.5,-159.99
2022-11-09 08:14:00,21.0,27.19,-5.5,26.11
2022-11-09 08:15:00,55.5,237.35,34.5,210.16
2022-11-09 08:16:00,21.0,230.01,-34.5,-7.34
2022-11-09 08:17:00,24.0,46.97,3.0,-183.04
2022-11-09 08:18:00,24.0,11.44,0.0,-35.53
2022-11-09 08:19:00,27.5,43.38,3.5,31.94
2022-11-09 08:20:00,23.0,153.33,-4.5,109.95
2022-11-09 08:21:00,23.5,181.53,0.5,28.2
2022-11-09 08:22:00,54.0,39.44,30.5,-142.09
2022-11-09 08:23:00,16.0,12.66,-38.0,-26.78
2022-11-09 08:24:00,16.5,51.42,0.5,38.76
2022-11-09 08:25:00,82.0,590.04,65.5,538.62
2022-11-09 08:26:00,34.5,405.83,-47.5,-184.21
2022-11-09 08:27:00,28.5,12.71,-6.0,-393.12
2022-11-09 08:28:00,23.5,5.54,-5.0,-7.17
2022-11-09 08:29:00,18.5,72.0,-5.0,66.46
2022-11-09 08:30:00,52.5,518.93,34.0,446.93
2022-11-09 08:31:00,49.5,294.03,-3.0,-224.9
2022-11-09 08:32:00,22.5,78.49,-27.0,-215.54
2022-11-09 08:33:00,37.5,200.83,15.0,122.34
2022-11-09 08:34:00,25.0,1.19,-12.5,-199.64
2022-11-09 08:35:00,28.0,4.17,3.0,2.98
2022-11-09 08:36:00,11.5,12.08,-16.5,7.91
2022-11-09 08:37:00,24.0,3.06,12.5,-9.02
2022-11-09 08:38:00,17.5,14.02,-6.5,10.96
2022-11-09 08:39:00,35.0,8.67,17.5,-5.35
2022-11-09 08:40:00,43.5,17.29,8.5,8.62
2022-11-09 08:41:00,70.0,105.29,26.5,88.0
2022-11-09 08:42:00,54.0,404.31,-16.0,299.02
2022-11-09 08:43:00,36.5,200.32,-17.5,-203.99
2022-11-09 08:44:00,49.5,312.46,13.0,112.14
2022-11-09 08:45:00,26.5,324.17,-23.0,11.71
2022-11-09 08:46:00,98.0,610.57,71.5,286.4
2022-11-09 08:47:00,79.0,199.58,-19.0,-410.99
2022-11-09 08:48:00,83.5,230.02,4.5,30.44
2022-11-09 08:49:00,39.5,74.11,-44.0,-155.91
2022-11-09 08:50:00,37.0,158.88,-2.5,84.77
2022-11-09 08:51:00,23.0,178.48,-14.0,19.6
2022-11-09 08:52:00,45.0,217.16,22.0,38.68
2022-11-09 08:53:00,28.5,181.03,-16.5,-36.13
2022-11-09 08:54:00,24.5,88.18,-4.0,-92.85
2022-11-09 08:55:00,21.0,157.52,-3.5,69.34
2022-11-09 08:56:00,58.0,10.13,37.0,-147.39
2022-11-09 08:57:00,29.5,5.01,-28.5,-5.12
2022-11-09 08:58:00,30.5,128.86,1.0,123.85
2022-11-09 08:59:00,28.0,4.95,-2.5,-123.91
2022-11-09 09:00:00,10.5,10.65,-17.5,5.7
2022-11-09 09:01:00,16.0,55.57,5.5,44.92
2022-11-09 09:02:00,71.0,507.93,55.0,452.36
2022-11-09 09:03:00,31.5,384.52,-39.5,-123.41
2022-11-09 09:04:00,46.5,234.32,15.0,-150.2
2022-11-09 09:05:00,46.0,310.85,-0.5,76.53
2022-11-09 09:06:00,22.5,35.02,-23.5,-275.83
2022-11-09 09:07:00,18.5,8.83,-4.0,-26.19
2022-11-09 09:08:00,21.0,8.46,2.5,-0.37
2022-11-09 09:09:00,23.5,21.5,2.5,13.04
2022-11-09 09:10:00,20.0,12.77,-3.5,-8.73
2022-11-09 09:11:00,23.5,132.39,3.5,119.62
2022-11-09 09:12:00,33.0,116.92,9.5,-15.47
2022-11-09 09:13:00,70.5,746.46,37.5,629.54
2022-11-09 09:14:00,21.0,620.29,-49.5,-126.17
2022-11-09 09:15:00,29.0,201.39,8.0,-418.9
2022-11-09 09:16:00,18.0,262.29,-11.0,60.9
2022-11-09 09:17:00,15.5,20.33,-2.5,-241.96
2022-11-09 09:18:00,12.0,7.16,-3.5,-13.17
2022-11-09 09:19:00,51.5,239.88,39.5,232.72
