timestamp,open,high,low,close,volume,turnover
2020-05-12 00:00:00,8470.0,8527.5,8470.0,8500.0,218.162,1854377.0
2020-05-12 00:01:00,8500.0,8500.0,8427.0,8434.0,134.674,1135840.516
2020-05-12 00:02:00,8434.0,8480.5,8434.0,8466.0,118.396,1002340.536
2020-05-12 00:03:00,8466.0,8471.0,8448.5,8455.0,61.407,519196.185
2020-05-12 00:04:00,8455.0,8464.5,8417.0,8432.0,85.769,723204.208
2020-05-12 00:05:00,8432.0,8455.5,8432.0,8433.0,28.674,241807.842
2020-05-12 00:06:00,8433.0,8439.0,8396.0,8421.5,80.671,679370.8265
2020-05-12 00:07:00,8421.5,8424.0,8390.0,8424.0,93.05,783853.2
2020-05-12 00:08:00,8424.0,8424.0,8409.5,8424.0,8.323,70112.952
2020-05-12 00:09:00,8424.0,8458.0,8424.0,8449.5,61.133,516543.2835
2020-05-12 00:10:00,8449.5,8457.0,8414.0,8426.0,44.65,376220.9
2020-05-12 00:11:00,8426.0,8426.0,8398.0,8407.5,34.637,291210.5775
2020-05-12 00:12:00,8407.5,8407.5,8386.0,8400.5,60.832,511019.216
2020-05-12 00:13:00,8400.5,8401.0,8371.0,8374.0,110.851,928266.274
2020-05-12 00:14:00,8374.0,8408.5,8371.5,8397.5,52.313,439298.4175
2020-05-12 00:15:00,8397.5,8437.0,8397.5,8437.0,32.141,271173.617
2020-05-12 00:16:00,8437.0,8437.0,8425.0,8425.0,4.915,41408.875
2020-05-12 00:17:00,8425.0,8448.5,8423.5,8436.0,21.604,182251.344
2020-05-12 00:18:00,8436.0,8449.0,8430.0,8440.0,32.967,278241.48
2020-05-12 00:19:00,8440.0,8466.0,8433.5,8460.5,36.684,310364.982
2020-05-12 00:20:00,8460.5,8460.5,8432.0,8432.0,38.18,321933.76
2020-05-12 00:21:00,8432.0,8451.5,8432.0,8444.0,18.969,160174.236
2020-05-12 00:22:00,8444.0,8487.0,8439.0,8485.5,98.323,834319.8165
2020-05-12 00:23:00,8485.5,8485.5,8454.0,8464.5,39.918,337885.911
2020-05-12 00:24:00,8464.5,8510.0,8464.5,8491.0,128.007,1086907.437
2020-05-12 00:25:00,8491.0,8642.0,8491.0,8627.5,598.989,5167777.5975
2020-05-12 00:26:00,8627.5,8658.5,8585.5,8588.5,237.157,2036822.8945
2020-05-12 00:27:00,8588.5,8602.0,8571.0,8582.0,83.003,712331.746
2020-05-12 00:28:00,8582.0,8594.0,8556.5,8561.5,52.938,453228.687
2020-05-12 00:29:00,8561.5,8599.0,8558.0,8598.0,49.912,429143.376
2020-05-12 00:30:00,8598.0,8602.0,8543.0,8545.5,46.491,397288.8405
2020-05-12 00:31:00,8545.5,8570.5,8545.5,8562.0,28.878,247253.436
2020-05-12 00:32:00,8562.0,8562.0,8523.5,8552.0,44.217,378143.784
2020-05-12 00:33:00,8552.0,8556.0,8496.0,8505.0,250.577,2131157.385
2020-05-12 00:34:00,8505.0,8511.5,8409.0,8459.5,317.749,2687997.6655
2020-05-12 00:35:00,8459.5,8468.0,8442.0,8461.0,70.527,596728.947
2020-05-12 00:36:00,8461.0,8474.0,8455.0,8455.5,45.342,383389.281
2020-05-12 00:37:00,8455.5,8470.5,8428.5,8467.5,98.79,836504.325
2020-05-12 00:38:00,8467.5,8472.0,8447.0,8463.0,20.141,170453.283
2020-05-12 00:39:00,8463.0,8487.5,8463.0,8481.0,34.597,293417.157
2020-05-12 00:40:00,8481.0,8506.0,8481.0,8487.5,96.354,817804.575
2020-05-12 00:41:00,8487.5,8487.5,8443.5,8454.5,39.995,338137.7275
2020-05-12 00:42:00,8454.5,8473.0,8453.5,8472.5,21.439,181641.9275
2020-05-12 00:43:00,8472.5,8472.5,8457.0,8457.5,14.125,119462.1875
2020-05-12 00:44:00,8457.5,8486.0,8457.5,8486.0,12.714,107891.004
2020-05-12 00:45:00,8486.0,8494.0,8465.5,8474.5,9.278,78626.411
2020-05-12 00:46:00,8474.5,8481.0,8444.5,8445.0,19.25,162566.25
2020-05-12 00:47:00,8445.0,8478.5,8445.0,8473.5,21.184,179502.624
2020-05-12 00:48:00,8473.5,8522.0,8473.5,8517.5,101.384,863538.22
2020-05-12 00:49:00,8517.5,8544.5,8517.5,8534.5,126.911,1083121.9295
2020-05-12 00:50:00,8534.5,8558.5,8525.5,8543.5,48.301,412659.5935
2020-05-12 00:51:00,8543.5,8543.5,8516.5,8520.0,30.404,259042.08
2020-05-12 00:52:00,8520.0,8521.5,8501.0,8504.5,30.302,257703.359
2020-05-12 00:53:00,8504.5,8510.0,8490.5,8510.0,15.905,135351.55
2020-05-12 00:54:00,8510.0,8519.5,8488.5,8505.0,15.751,133962.255
2020-05-12 00:55:00,8505.0,8557.5,8505.0,8554.0,56.781,485704.674
2020-05-12 00:56:00,8554.0,8554.0,8520.5,8539.0,49.182,419965.098
2020-05-12 00:57:00,8539.0,8577.5,8539.0,8577.5,52.208,447814.12
2020-05-12 00:58:00,8577.5,8577.5,8536.0,8544.0,38.896,332327.424
2020-05-12 00:59:00,8544.0,8558.0,8540.0,8558.0,18.156,155379.048
2020-05-12 01:00:00,8558.0,8570.0,8488.0,8501.0,106.514,905475.514
2020-05-12 01:01:00,8501.0,8501.0,8436.5,8476.0,200.029,1695445.804
2020-05-12 01:02:00,8476.0,8483.5,8443.5,8457.5,29.512,249597.74
2020-05-12 01:03:00,8457.5,8498.0,8457.5,8467.0,45.359,384054.653
2020-05-12 01:04:00,8467.0,8492.5,8467.0,8492.5,5.789,49163.0825
2020-05-12 01:05:00,8492.5,8495.0,8471.0,8483.5,23.247,197215.9245
2020-05-12 01:06:00,8483.5,8518.0,8477.5,8518.0,9.839,83808.602
2020-05-12 01:07:00,8518.0,8531.0,8501.0,8501.0,55.177,469059.677
2020-05-12 01:08:00,8501.0,8512.0,8497.0,8512.0,19.038,162051.456
2020-05-12 01:09:00,8512.0,8518.5,8512.0,8518.5,2.443,20810.6955
2020-05-12 01:10:00,8518.5,8535.0,8501.5,8501.5,16.718,142128.077
2020-05-12 01:11:00,8501.5,8502.0,8480.5,8498.5,34.453,292798.8205
2020-05-12 01:12:00,8498.5,8519.0,8498.5,8519.0,15.182,129335.458
2020-05-12 01:13:00,8519.0,8548.5,8507.5,8512.5,148.659,1265459.7375
2020-05-12 01:14:00,8512.5,8527.0,8505.0,8527.0,35.741,304763.507
2020-05-12 01:15:00,8527.0,8541.5,8525.5,8537.0,12.468,106439.316
2020-05-12 01:16:00,8537.0,8538.5,8514.0,8530.5,18.207,155314.8135
2020-05-12 01:17:00,8530.5,8537.0,8530.5,8533.0,4.499,38389.967
2020-05-12 01:18:00,8533.0,8554.5,8532.5,8551.5,10.098,86353.047
2020-05-12 01:19:00,8551.5,8552.0,8534.5,8536.0,8.664,73955.904
2020-05-12 01:20:00,8536.0,8586.5,8535.5,8583.5,87.365,749897.4775
2020-05-12 01:21:00,8583.5,8636.0,8578.5,8613.0,113.237,975310.281
2020-05-12 01:22:00,8613.0,8725.0,8613.0,8709.0,341.061,2970300.249
2020-05-12 01:23:00,8709.0,8768.5,8692.5,8705.0,237.383,2066419.015
2020-05-12 01:24:00,8705.0,8724.5,8668.0,8680.5,74.098,643207.689
2020-05-12 01:25:00,8680.5,8711.0,8677.5,8689.0,80.665,700898.185
2020-05-12 01:26:00,8689.0,8711.0,8682.5,8711.0,44.986,391873.046
2020-05-12 01:27:00,8711.0,8739.0,8707.5,8721.0,53.508,466643.268
2020-05-12 01:28:00,8721.0,8721.0,8690.5,8712.5,58.843,512669.6375
2020-05-12 01:29:00,8712.5,8760.0,8706.5,8739.5,241.546,2110991.267
2020-05-12 01:30:00,8739.5,8802.0,8724.0,8724.0,265.165,2313299.46
2020-05-12 01:31:00,8724.0,8745.5,8658.0,8686.5,209.508,1819891.242
2020-05-12 01:32:00,8686.5,8723.5,8686.5,8718.0,56.982,496769.076
2020-05-12 01:33:00,8718.0,8738.0,8705.5,8724.5,115.264,1005620.768
2020-05-12 01:34:00,8724.5,8730.0,8702.0,8708.5,58.802,512077.217
2020-05-12 01:35:00,8708.5,8739.5,8706.5,8737.5,102.442,895086.975
2020-05-12 01:36:00,8737.5,8748.0,8728.5,8747.5,52.835,462174.1625
2020-05-12 01:37:00,8747.5,8747.5,8710.0,8716.0,57.717,503061.372
2020-05-12 01:38:00,8716.0,8730.0,8712.5,8729.5,19.46,169876.07
2020-05-12 01:39:00,8729.5,8735.5,8716.5,8717.5,30.199,263259.7825
2020-05-12 01:40:00,8717.5,8732.0,8717.5,8721.0,32.901,286929.621
2020-05-12 01:41:00,8721.0,8727.0,8696.0,8724.0,29.664,258788.736
2020-05-12 01:42:00,8724.0,8724.0,8703.5,8712.0,18.763,163463.256
2020-05-12 01:43:00,8712.0,8713.5,8691.5,8696.0,16.581,144188.376
2020-05-12 01:44:00,8696.0,8712.0,8696.0,8712.0,19.046,165928.752
2020-05-12 01:45:00,8712.0,8712.0,8657.0,8657.0,86.82,751600.74
2020-05-12 01:46:00,8657.0,8681.0,8654.0,8681.0,23.345,202657.945
2020-05-12 01:47:00,8681.0,8703.5,8679.0,8703.5,7.909,68835.9815
2020-05-12 01:48:00,8703.5,8703.5,8679.5,8686.5,18.762,162976.113
2020-05-12 01:49:00,8686.5,8700.0,8668.5,8700.0,25.858,224964.6
2020-05-12 01:50:00,8700.0,8705.0,8679.5,8683.5,8.53,74070.255
2020-05-12 01:51:00,8683.5,8693.0,8676.0,8693.0,7.515,65327.895
2020-05-12 01:52:00,8693.0,8696.5,8675.5,8677.0,23.191,201228.307
2020-05-12 01:53:00,8677.0,8677.0,8669.0,8672.5,2.334,20241.615
2020-05-12 01:54:00,8672.5,8689.0,8670.5,8677.0,8.128,70526.656
2020-05-12 01:55:00,8677.0,8677.0,8616.5,8628.5,117.635,1015013.5975
2020-05-12 01:56:00,8628.5,8638.0,8611.5,8615.0,19.901,171447.115
2020-05-12 01:57:00,8615.0,8618.5,8600.0,8607.5,47.303,407160.5725
2020-05-12 01:58:00,8607.5,8638.0,8607.5,8635.5,16.649,143772.4395
2020-05-12 01:59:00,8635.5,8640.5,8617.5,8634.0,12.475,107709.15
2020-05-12 02:00:00,8634.0,8640.0,8634.0,8640.0,5.446,47053.44
2020-05-12 02:01:00,8640.0,8640.0,8589.0,8589.0,13.785,118399.365
2020-05-12 02:02:00,8589.0,8607.0,8562.0,8604.0,220.762,1899436.248
2020-05-12 02:03:00,8604.0,8604.0,8593.0,8600.0,4.867,41856.2
2020-05-12 02:04:00,8600.0,8629.0,8600.0,8629.0,15.362,132558.698
2020-05-12 02:05:00,8629.0,8634.0,8617.5,8633.0,9.067,78275.411
2020-05-12 02:06:00,8633.0,8649.0,8633.0,8649.0,1.871,16182.279
2020-05-12 02:07:00,8649.0,8649.0,8634.5,8638.0,0.698,6029.324
2020-05-12 02:08:00,8638.0,8668.5,8638.0,8668.5,1.694,14684.439
2020-05-12 02:09:00,8668.5,8668.5,8644.5,8655.0,6.19,53574.45
2020-05-12 02:10:00,8655.0,8684.0,8655.0,8667.5,15.423,133678.8525
2020-05-12 02:11:00,8667.5,8667.5,8662.0,8664.5,1.802,15613.429
2020-05-12 02:12:00,8664.5,8678.5,8664.5,8667.5,4.399,38128.3325
2020-05-12 02:13:00,8667.5,8667.5,8653.0,8653.5,1.728,14953.248
2020-05-12 02:14:00,8653.5,8654.0,8644.5,8654.0,6.284,54381.736
2020-05-12 02:15:00,8654.0,8654.5,8654.0,8654.5,0.48,4154.16
2020-05-12 02:16:00,8654.5,8654.5,8616.5,8623.0,8.596,74123.308
2020-05-12 02:17:00,8623.0,8636.0,8623.0,8630.5,13.827,119333.9235
2020-05-12 02:18:00,8630.5,8646.0,8630.0,8646.0,8.428,72868.488
2020-05-12 02:19:00,8646.0,8646.0,8645.5,8645.5,0.492,4253.586
2020-05-12 02:20:00,8645.5,8646.5,8645.5,8646.5,0.115,994.3475
2020-05-12 02:21:00,8646.5,8663.0,8646.5,8663.0,5.235,45350.805
2020-05-12 02:22:00,8663.0,8663.5,8660.5,8660.5,1.096,9491.908
2020-05-12 02:23:00,8660.5,8660.5,8657.0,8657.0,0.805,6968.885
2020-05-12 02:24:00,8657.0,8660.0,8657.0,8660.0,0.253,2190.98
2020-05-12 02:25:00,8660.0,8660.0,8659.5,8659.5,0.02,173.19
2020-05-12 02:26:00,8659.5,8659.5,8650.5,8650.5,5.099,44108.8995
2020-05-12 02:27:00,8650.5,8650.5,8623.0,8623.0,11.738,101216.774
2020-05-12 02:28:00,8623.0,8625.5,8609.0,8625.5,6.313,54452.7815
2020-05-12 02:29:00,8625.5,8625.5,8625.0,8625.5,7.364,63518.182
2020-05-12 02:30:00,8625.5,8642.5,8625.5,8642.5,2.412,20845.71
2020-05-12 02:31:00,8642.5,8647.0,8642.5,8647.0,0.108,933.876
2020-05-12 02:32:00,8647.0,8660.5,8647.0,8660.0,0.871,7542.86
2020-05-12 02:33:00,8660.0,8660.0,8651.5,8653.0,1.997,17280.041
2020-05-12 02:34:00,8653.0,8654.0,8647.5,8647.5,1.288,11137.98
2020-05-12 02:35:00,8647.5,8678.0,8647.5,8669.5,32.084,278152.238
2020-05-12 02:36:00,8669.5,8691.0,8667.0,8686.0,17.286,150146.196
2020-05-12 02:37:00,8686.0,8687.0,8679.0,8679.5,3.007,26099.2565
2020-05-12 02:38:00,8679.5,8679.5,8677.0,8677.5,1.351,11723.3025
2020-05-12 02:39:00,8677.5,8677.5,8673.5,8673.5,0.444,3851.034
2020-05-12 02:40:00,8673.5,8673.5,8661.0,8661.0,0.743,6435.123
2020-05-12 02:41:00,8661.0,8661.0,8654.5,8655.5,0.854,7391.797
2020-05-12 02:42:00,8655.5,8656.5,8655.0,8656.5,0.573,4960.1745
2020-05-12 02:43:00,8656.5,8663.5,8656.5,8663.5,0.493,4271.1055
2020-05-12 02:44:00,8663.5,8663.5,8663.0,8663.5,2.729,23642.6915
2020-05-12 02:45:00,8663.5,8663.5,8663.0,8663.5,0.104,901.004
2020-05-12 02:46:00,8663.5,8663.5,8660.0,8660.5,4.752,41154.696
2020-05-12 02:47:00,8660.5,8660.5,8633.5,8633.5,0.785,6777.2975
2020-05-12 02:48:00,8633.5,8634.0,8614.5,8621.5,33.321,287277.0015
2020-05-12 02:49:00,8621.5,8625.5,8584.0,8584.0,15.467,132768.728
2020-05-12 02:50:00,8584.0,8604.0,8580.5,8604.0,52.389,450754.956
2020-05-12 02:51:00,8604.0,8609.5,8596.5,8596.5,21.096,181351.764
2020-05-12 02:52:00,8596.5,8604.0,8596.5,8603.5,24.861,213891.6135
2020-05-12 02:53:00,8603.5,8604.0,8600.5,8600.5,5.868,50467.734
2020-05-12 02:54:00,8600.5,8600.5,8591.0,8597.0,12.724,109388.228
2020-05-12 02:55:00,8597.0,8621.0,8597.0,8621.0,16.031,138203.251
2020-05-12 02:56:00,8621.0,8629.0,8621.0,8629.0,4.224,36448.896
2020-05-12 02:57:00,8629.0,8639.0,8629.0,8639.0,1.259,10876.501
2020-05-12 02:58:00,8639.0,8641.0,8630.5,8630.5,3.344,28860.392
2020-05-12 02:59:00,8630.5,8630.5,8624.0,8630.5,0.954,8233.497
2020-05-12 03:00:00,8630.5,8631.0,8627.0,8628.0,1.107,9551.196
2020-05-12 03:01:00,8628.0,8628.0,8628.0,8628.0,0.0,0.0
2020-05-12 03:02:00,8628.0,8628.0,8608.5,8608.5,10.259,88314.6015
2020-05-12 03:03:00,8608.5,8610.5,8608.5,8610.0,0.269,2316.09
2020-05-12 03:04:00,8610.0,8610.0,8606.5,8606.5,0.12,1032.78
2020-05-12 03:05:00,8606.5,8607.0,8596.5,8596.5,0.453,3894.2145
2020-05-12 03:06:00,8596.5,8596.5,8593.5,8593.5,4.545,39057.4575
2020-05-12 03:07:00,8593.5,8608.0,8591.5,8608.0,4.37,37616.96
2020-05-12 03:08:00,8608.0,8608.0,8608.0,8608.0,0.0,0.0
2020-05-12 03:09:00,8608.0,8608.0,8586.5,8586.5,13.816,118631.084
2020-05-12 03:10:00,8586.5,8586.5,8581.5,8586.5,2.37,20350.005
2020-05-12 03:11:00,8586.5,8603.5,8586.5,8603.5,3.973,34181.7055
2020-05-12 03:12:00,8603.5,8603.5,8596.5,8596.5,2.562,22024.233
2020-05-12 03:13:00,8596.5,8596.5,8587.0,8587.0,0.188,1614.356
2020-05-12 03:14:00,8587.0,8587.0,8540.5,8557.5,92.283,789711.7725
2020-05-12 03:15:00,8557.5,8573.0,8557.5,8573.0,12.415,106433.795
2020-05-12 03:16:00,8573.0,8573.0,8557.5,8557.5,6.511,55717.8825
2020-05-12 03:17:00,8557.5,8557.5,8518.0,8518.0,20.115,171339.57
2020-05-12 03:18:00,8518.0,8537.0,8490.0,8534.0,141.499,1207552.466
2020-05-12 03:19:00,8534.0,8534.0,8478.0,8492.5,63.366,538135.755
2020-05-12 03:20:00,8492.5,8509.0,8457.5,8484.0,75.721,642416.964
2020-05-12 03:21:00,8484.0,8520.0,8480.0,8516.0,147.183,1253410.428
2020-05-12 03:22:00,8516.0,8555.0,8516.0,8547.0,24.56,209914.32
2020-05-12 03:23:00,8547.0,8578.0,8547.0,8578.0,9.571,82100.038
2020-05-12 03:24:00,8578.0,8586.0,8562.5,8563.5,13.486,115487.361
2020-05-12 03:25:00,8563.5,8572.0,8558.5,8572.0,1.359,11649.348
2020-05-12 03:26:00,8572.0,8572.0,8571.0,8571.0,1.977,16944.867
2020-05-12 03:27:00,8571.0,8571.0,8559.5,8560.0,1.576,13490.56
2020-05-12 03:28:00,8560.0,8567.0,8559.5,8567.0,2.051,17570.917
2020-05-12 03:29:00,8567.0,8580.0,8567.0,8580.0,5.982,51325.56
2020-05-12 03:30:00,8580.0,8605.0,8580.0,8593.0,16.864,144912.352
2020-05-12 03:31:00,8593.0,8623.5,8593.0,8612.0,29.292,252262.704
2020-05-12 03:32:00,8612.0,8618.0,8598.0,8598.0,11.226,96521.148
2020-05-12 03:33:00,8598.0,8598.0,8587.0,8587.0,0.846,7264.602
2020-05-12 03:34:00,8587.0,8617.5,8587.0,8610.5,30.875,265849.1875
2020-05-12 03:35:00,8610.5,8610.5,8601.5,8608.0,6.592,56743.936
2020-05-12 03:36:00,8608.0,8610.0,8607.0,8607.5,0.339,2917.9425
2020-05-12 03:37:00,8607.5,8607.5,8605.0,8606.0,0.998,8588.788
2020-05-12 03:38:00,8606.0,8606.0,8604.5,8604.5,0.254,2185.543
2020-05-12 03:39:00,8604.5,8604.5,8598.0,8598.0,2.542,21856.116
2020-05-12 03:40:00,8598.0,8610.0,8597.5,8609.5,4.362,37554.639
2020-05-12 03:41:00,8609.5,8613.0,8609.5,8613.0,2.331,20076.903
2020-05-12 03:42:00,8613.0,8613.0,8613.0,8613.0,0.46,3961.98
2020-05-12 03:43:00,8613.0,8613.0,8607.0,8607.0,21.842,187994.094
2020-05-12 03:44:00,8607.0,8607.5,8603.5,8607.5,0.657,5655.1275
2020-05-12 03:45:00,8607.5,8607.5,8602.0,8604.0,9.145,78683.58
2020-05-12 03:46:00,8604.0,8604.0,8599.0,8599.0,0.529,4548.871
2020-05-12 03:47:00,8599.0,8599.0,8588.0,8588.0,1.374,11799.912
2020-05-12 03:48:00,8588.0,8588.0,8584.5,8584.5,2.999,25744.9155
2020-05-12 03:49:00,8584.5,8585.5,8584.5,8584.5,1.056,9065.232
2020-05-12 03:50:00,8584.5,8584.5,8529.0,8546.5,44.397,379438.9605
2020-05-12 03:51:00,8546.5,8554.5,8546.5,8548.0,1.589,13582.772
2020-05-12 03:52:00,8548.0,8557.0,8548.0,8556.0,7.738,66206.328
2020-05-12 03:53:00,8556.0,8557.5,8553.0,8557.5,1.681,14385.1575
2020-05-12 03:54:00,8557.5,8561.5,8556.5,8556.5,1.845,15786.7425
2020-05-12 03:55:00,8556.5,8556.5,8542.0,8554.5,14.487,123929.0415
2020-05-12 03:56:00,8554.5,8554.5,8545.5,8545.5,9.019,77071.8645
2020-05-12 03:57:00,8545.5,8550.5,8538.5,8550.5,1.023,8747.1615
2020-05-12 03:58:00,8550.5,8551.5,8545.0,8545.0,6.557,56029.565
2020-05-12 03:59:00,8545.0,8550.0,8535.0,8550.0,1.096,9370.8
2020-05-12 04:00:00,8550.0,8585.0,8550.0,8585.0,12.181,104573.885
2020-05-12 04:01:00,8585.0,8585.0,8584.5,8584.5,0.001,8.5845
2020-05-12 04:02:00,8584.5,8590.5,8584.5,8590.5,1.84,15806.52
2020-05-12 04:03:00,8590.5,8590.5,8585.5,8586.5,1.096,9410.804
2020-05-12 04:04:00,8586.5,8590.5,8586.5,8590.5,4.887,41981.7735
2020-05-12 04:05:00,8590.5,8610.5,8590.5,8607.0,17.884,153927.588
2020-05-12 04:06:00,8607.0,8610.0,8599.0,8599.0,0.226,1943.374
2020-05-12 04:07:00,8599.0,8602.5,8587.5,8590.0,0.574,4930.66
2020-05-12 04:08:00,8590.0,8596.0,8589.5,8596.0,1.031,8862.476
2020-05-12 04:09:00,8596.0,8603.0,8596.0,8601.5,4.235,36427.3525
2020-05-12 04:10:00,8601.5,8602.0,8601.5,8602.0,0.987,8490.174
2020-05-12 04:11:00,8602.0,8643.0,8602.0,8629.0,49.975,431234.275
2020-05-12 04:12:00,8629.0,8640.5,8629.0,8632.0,2.81,24255.92
2020-05-12 04:13:00,8632.0,8639.0,8628.0,8628.0,1.032,8904.096
2020-05-12 04:14:00,8628.0,8629.0,8619.0,8629.0,3.139,27086.431
2020-05-12 04:15:00,8629.0,8629.0,8625.0,8625.5,0.148,1276.574
2020-05-12 04:16:00,8625.5,8625.5,8625.0,8625.5,1.541,13291.8955
2020-05-12 04:17:00,8625.5,8625.5,8595.0,8595.0,32.787,281804.265
2020-05-12 04:18:00,8595.0,8600.0,8591.5,8591.5,1.232,10584.728
2020-05-12 04:19:00,8591.5,8599.5,8591.5,8599.5,0.847,7283.7765
2020-05-12 04:20:00,8599.5,8602.5,8599.5,8602.0,0.309,2658.018
2020-05-12 04:21:00,8602.0,8602.0,8593.5,8593.5,7.0,60154.5
2020-05-12 04:22:00,8593.5,8593.5,8569.5,8569.5,14.393,123340.8135
2020-05-12 04:23:00,8569.5,8579.5,8569.5,8579.5,0.038,326.021
2020-05-12 04:24:00,8579.5,8583.0,8579.5,8583.0,0.21,1802.43
2020-05-12 04:25:00,8583.0,8583.0,8573.5,8576.0,9.553,81926.528
2020-05-12 04:26:00,8576.0,8580.5,8574.5,8574.5,0.824,7065.388
2020-05-12 04:27:00,8574.5,8587.0,8574.5,8587.0,0.41,3520.67
2020-05-12 04:28:00,8587.0,8587.0,8583.5,8584.5,8.582,73672.179
2020-05-12 04:29:00,8584.5,8605.0,8584.5,8602.0,20.856,179403.312
2020-05-12 04:30:00,8602.0,8602.0,8590.5,8590.5,1.272,10927.116
2020-05-12 04:31:00,8590.5,8591.0,8579.0,8579.0,1.732,14858.828
2020-05-12 04:32:00,8579.0,8579.0,8550.5,8550.5,27.96,239071.98
2020-05-12 04:33:00,8550.5,8553.0,8545.0,8552.0,19.293,164993.736
2020-05-12 04:34:00,8552.0,8565.5,8552.0,8565.0,10.903,93384.195
2020-05-12 04:35:00,8565.0,8567.5,8561.5,8562.5,0.608,5206.0
2020-05-12 04:36:00,8562.5,8562.5,8559.5,8559.5,1.347,11529.6465
2020-05-12 04:37:00,8559.5,8560.5,8559.5,8559.5,0.028,239.666
2020-05-12 04:38:00,8559.5,8587.0,8559.0,8587.0,15.642,134317.854
2020-05-12 04:39:00,8587.0,8588.5,8586.5,8588.5,0.475,4079.5375
2020-05-12 04:40:00,8588.5,8605.5,8588.0,8588.5,17.611,151252.0735
2020-05-12 04:41:00,8588.5,8593.5,8586.0,8586.0,1.83,15712.38
2020-05-12 04:42:00,8586.0,8587.0,8582.0,8585.0,6.524,56008.54
2020-05-12 04:43:00,8585.0,8585.0,8580.5,8581.5,1.271,10907.0865
2020-05-12 04:44:00,8581.5,8581.5,8574.0,8578.5,15.98,137084.43
2020-05-12 04:45:00,8578.5,8578.5,8578.5,8578.5,0.0,0.0
2020-05-12 04:46:00,8578.5,8578.5,8577.5,8577.5,7.654,65652.185
2020-05-12 04:47:00,8577.5,8577.5,8565.0,8565.0,9.814,84056.91
2020-05-12 04:48:00,8565.0,8568.5,8553.5,8553.5,10.467,89529.4845
2020-05-12 04:49:00,8553.5,8553.5,8530.5,8539.0,23.229,198352.431
2020-05-12 04:50:00,8539.0,8549.5,8539.0,8543.5,12.827,109587.4745
2020-05-12 04:51:00,8543.5,8543.5,8531.5,8532.5,7.178,61246.285
2020-05-12 04:52:00,8532.5,8541.5,8532.5,8541.5,2.235,19090.2525
2020-05-12 04:53:00,8541.5,8550.0,8541.5,8550.0,10.291,87988.05
2020-05-12 04:54:00,8550.0,8550.0,8546.5,8546.5,7.989,68277.9885
2020-05-12 04:55:00,8546.5,8546.5,8514.5,8515.0,24.322,207101.83
2020-05-12 04:56:00,8515.0,8526.5,8515.0,8523.0,18.671,159132.933
2020-05-12 04:57:00,8523.0,8525.5,8523.0,8525.5,0.532,4535.566
2020-05-12 04:58:00,8525.5,8525.5,8514.0,8514.0,2.55,21710.7
2020-05-12 04:59:00,8514.0,8519.5,8496.5,8519.5,14.759,125739.3005
2020-05-12 05:00:00,8519.5,8552.0,8519.5,8548.0,39.257,335568.836
2020-05-12 05:01:00,8548.0,8556.5,8545.0,8552.0,10.021,85699.592
2020-05-12 05:02:00,8552.0,8566.0,8552.0,8563.5,26.003,222676.6905
2020-05-12 05:03:00,8563.5,8573.5,8563.5,8564.5,15.461,132415.7345
2020-05-12 05:04:00,8564.5,8573.0,8564.5,8573.0,3.949,33854.777
2020-05-12 05:05:00,8573.0,8574.5,8566.5,8574.5,12.915,110739.6675
2020-05-12 05:06:00,8574.5,8574.5,8570.0,8573.0,9.159,78520.107
2020-05-12 05:07:00,8573.0,8576.0,8573.0,8575.5,1.876,16087.638
2020-05-12 05:08:00,8575.5,8590.5,8575.5,8590.5,3.898,33485.769
2020-05-12 05:09:00,8590.5,8597.5,8590.0,8594.0,2.883,24776.502
2020-05-12 05:10:00,8594.0,8594.0,8575.5,8575.5,19.215,164778.2325
2020-05-12 05:11:00,8575.5,8585.5,8569.5,8585.5,3.462,29723.001
2020-05-12 05:12:00,8585.5,8618.5,8585.5,8618.5,15.206,131052.911
2020-05-12 05:13:00,8618.5,8621.0,8611.0,8611.0,8.295,71428.245
2020-05-12 05:14:00,8611.0,8637.5,8611.0,8625.0,27.933,240922.125
2020-05-12 05:15:00,8625.0,8637.0,8624.5,8625.5,4.358,37589.929
2020-05-12 05:16:00,8625.5,8630.0,8625.5,8625.5,0.765,6598.5075
2020-05-12 05:17:00,8625.5,8625.5,8609.5,8613.5,31.392,270394.992
2020-05-12 05:18:00,8613.5,8613.5,8599.0,8599.0,6.934,59625.466
2020-05-12 05:19:00,8599.0,8611.0,8598.5,8609.0,0.288,2479.392
2020-05-12 05:20:00,8609.0,8609.0,8609.0,8609.0,1.715,14764.435
2020-05-12 05:21:00,8609.0,8609.0,8586.0,8587.5,9.35,80293.125
2020-05-12 05:22:00,8587.5,8590.5,8584.5,8590.5,0.595,5111.3475
2020-05-12 05:23:00,8590.5,8591.0,8590.0,8590.0,1.298,11149.82
2020-05-12 05:24:00,8590.0,8590.5,8590.0,8590.0,0.184,1580.56
2020-05-12 05:25:00,8590.0,8591.0,8590.0,8591.0,0.475,4080.725
2020-05-12 05:26:00,8591.0,8593.0,8591.0,8593.0,2.021,17366.453
2020-05-12 05:27:00,8593.0,8612.0,8593.0,8611.0,10.412,89657.732
2020-05-12 05:28:00,8611.0,8611.0,8608.5,8608.5,0.65,5595.525
2020-05-12 05:29:00,8608.5,8608.5,8555.0,8559.0,64.355,550814.445
2020-05-12 05:30:00,8559.0,8559.0,8542.0,8544.5,46.725,399241.7625
2020-05-12 05:31:00,8544.5,8566.0,8544.5,8561.5,25.807,220946.6305
2020-05-12 05:32:00,8561.5,8562.0,8531.5,8533.5,21.698,185159.883
2020-05-12 05:33:00,8533.5,8550.0,8533.5,8544.5,15.248,130286.536
2020-05-12 05:34:00,8544.5,8569.5,8544.5,8569.0,14.316,122673.804
2020-05-12 05:35:00,8569.0,8570.5,8565.5,8565.5,15.697,134452.6535
2020-05-12 05:36:00,8565.5,8595.5,8565.5,8595.0,11.215,96392.925
2020-05-12 05:37:00,8595.0,8609.5,8590.5,8609.5,12.388,106654.486
2020-05-12 05:38:00,8609.5,8655.0,8609.0,8655.0,24.206,209502.93
2020-05-12 05:39:00,8655.0,8663.0,8636.0,8662.0,76.505,662686.31
2020-05-12 05:40:00,8662.0,8662.0,8644.0,8645.5,21.443,185385.4565
2020-05-12 05:41:00,8645.5,8661.0,8640.0,8642.5,29.551,255394.5175
2020-05-12 05:42:00,8642.5,8646.5,8642.0,8646.5,0.278,2403.727
2020-05-12 05:43:00,8646.5,8664.0,8645.5,8652.5,12.84,111098.1
2020-05-12 05:44:00,8652.5,8653.0,8637.5,8637.5,6.649,57430.7375
2020-05-12 05:45:00,8637.5,8647.0,8636.0,8647.0,4.874,42145.478
2020-05-12 05:46:00,8647.0,8654.5,8646.5,8649.5,4.118,35618.641
2020-05-12 05:47:00,8649.5,8669.5,8642.0,8669.5,33.858,293531.931
2020-05-12 05:48:00,8669.5,8675.0,8648.5,8648.5,26.942,233007.887
2020-05-12 05:49:00,8648.5,8648.5,8631.0,8631.0,3.459,29854.629
2020-05-12 05:50:00,8631.0,8637.0,8630.0,8637.0,2.332,20141.484
2020-05-12 05:51:00,8637.0,8639.5,8629.0,8629.0,2.391,20631.939
2020-05-12 05:52:00,8629.0,8629.5,8618.0,8622.0,3.805,32806.71
2020-05-12 05:53:00,8622.0,8628.5,8619.5,8619.5,5.728,49372.496
2020-05-12 05:54:00,8619.5,8633.5,8619.5,8633.5,1.5,12950.25
2020-05-12 05:55:00,8633.5,8634.0,8630.5,8632.5,7.436,64191.27
2020-05-12 05:56:00,8632.5,8643.5,8628.0,8643.5,8.499,73461.1065
2020-05-12 05:57:00,8643.5,8650.0,8643.5,8650.0,8.242,71293.3
2020-05-12 05:58:00,8650.0,8653.5,8644.5,8645.0,5.561,48074.845
2020-05-12 05:59:00,8645.0,8645.0,8635.0,8635.0,2.501,21596.135
2020-05-12 06:00:00,8635.0,8635.0,8610.5,8610.5,4.259,36672.1195
2020-05-12 06:01:00,8610.5,8614.5,8609.0,8609.0,6.577,56621.393
2020-05-12 06:02:00,8609.0,8609.0,8596.0,8601.5,2.688,23120.832
2020-05-12 06:03:00,8601.5,8606.0,8601.5,8605.5,3.541,30472.0755
2020-05-12 06:04:00,8605.5,8606.0,8604.5,8606.0,0.331,2848.586
2020-05-12 06:05:00,8606.0,8610.0,8606.0,8610.0,5.153,44367.33
2020-05-12 06:06:00,8610.0,8610.0,8586.5,8590.5,5.609,48184.1145
2020-05-12 06:07:00,8590.5,8600.5,8590.0,8600.5,2.384,20503.592
2020-05-12 06:08:00,8600.5,8600.5,8578.5,8578.5,1.844,15818.754
2020-05-12 06:09:00,8578.5,8578.5,8570.0,8575.0,7.188,61637.1
2020-05-12 06:10:00,8575.0,8594.0,8574.5,8594.0,1.402,12048.788
2020-05-12 06:11:00,8594.0,8598.5,8594.0,8595.0,3.213,27615.735
2020-05-12 06:12:00,8595.0,8600.0,8595.0,8596.0,1.539,13229.244
2020-05-12 06:13:00,8596.0,8602.5,8593.0,8601.5,0.307,2640.6605
2020-05-12 06:14:00,8601.5,8601.5,8584.5,8584.5,2.764,23727.558
2020-05-12 06:15:00,8584.5,8584.5,8578.0,8578.0,0.017,145.826
2020-05-12 06:16:00,8578.0,8578.0,8560.5,8569.0,16.496,141354.224
2020-05-12 06:17:00,8569.0,8580.5,8569.0,8580.5,2.626,22532.393
2020-05-12 06:18:00,8580.5,8596.0,8580.5,8596.0,2.164,18601.744
2020-05-12 06:19:00,8596.0,8604.5,8596.0,8603.0,10.552,90778.856
2020-05-12 06:20:00,8603.0,8603.0,8599.0,8601.5,0.024,206.436
2020-05-12 06:21:00,8601.5,8601.5,8597.5,8597.5,2.076,17848.41
2020-05-12 06:22:00,8597.5,8597.5,8597.5,8597.5,0.0,0.0
2020-05-12 06:23:00,8597.5,8597.5,8580.0,8580.5,0.356,3054.658
2020-05-12 06:24:00,8580.5,8589.0,8580.5,8589.0,1.683,14455.287
2020-05-12 06:25:00,8589.0,8594.0,8588.5,8589.0,9.342,80238.438
2020-05-12 06:26:00,8589.0,8591.5,8587.5,8591.5,1.026,8814.879
2020-05-12 06:27:00,8591.5,8600.0,8591.5,8600.0,1.78,15308.0
2020-05-12 06:28:00,8600.0,8614.0,8600.0,8612.5,0.567,4883.2875
2020-05-12 06:29:00,8612.5,8612.5,8610.0,8610.0,1.757,15127.77
2020-05-12 06:30:00,8610.0,8610.5,8610.0,8610.0,0.297,2557.17
2020-05-12 06:31:00,8610.0,8610.0,8608.0,8608.0,0.001,8.608
2020-05-12 06:32:00,8608.0,8624.5,8601.0,8623.0,9.985,86100.655
2020-05-12 06:33:00,8623.0,8623.0,8619.5,8620.0,0.687,5921.94
2020-05-12 06:34:00,8620.0,8620.0,8618.5,8618.5,1.366,11772.871
2020-05-12 06:35:00,8618.5,8618.5,8612.0,8612.0,0.61,5253.32
2020-05-12 06:36:00,8612.0,8612.0,8591.5,8591.5,1.684,14468.086
2020-05-12 06:37:00,8591.5,8596.0,8586.5,8587.5,6.489,55724.2875
2020-05-12 06:38:00,8587.5,8587.5,8586.5,8587.5,0.411,3529.4625
2020-05-12 06:39:00,8587.5,8587.5,8582.5,8582.5,5.02,43084.15
2020-05-12 06:40:00,8582.5,8582.5,8582.5,8582.5,0.0,0.0
2020-05-12 06:41:00,8582.5,8600.0,8582.5,8599.5,15.8,135872.1
2020-05-12 06:42:00,8599.5,8600.0,8599.5,8599.5,0.674,5796.063
2020-05-12 06:43:00,8599.5,8599.5,8595.0,8595.0,0.939,8070.705
2020-05-12 06:44:00,8595.0,8595.0,8594.0,8594.0,0.029,249.226
2020-05-12 06:45:00,8594.0,8595.0,8586.0,8586.0,3.436,29501.496
2020-05-12 06:46:00,8586.0,8586.0,8571.5,8576.5,5.137,44057.4805
2020-05-12 06:47:00,8576.5,8577.5,8568.5,8577.5,1.401,12017.0775
2020-05-12 06:48:00,8577.5,8580.0,8577.5,8580.0,0.116,995.28
2020-05-12 06:49:00,8580.0,8583.5,8572.5,8572.5,3.189,27337.7025
2020-05-12 06:50:00,8572.5,8577.5,8570.0,8577.5,4.777,40974.7175
2020-05-12 06:51:00,8577.5,8584.0,8577.0,8577.0,16.177,138750.129
2020-05-12 06:52:00,8577.0,8577.0,8576.5,8576.5,0.018,154.377
2020-05-12 06:53:00,8576.5,8577.5,8576.5,8577.5,0.087,746.2425
2020-05-12 06:54:00,8577.5,8585.0,8577.5,8585.0,3.449,29609.665
2020-05-12 06:55:00,8585.0,8588.5,8585.0,8585.5,1.168,10027.864
2020-05-12 06:56:00,8585.5,8590.0,8585.5,8590.0,1.697,14577.23
2020-05-12 06:57:00,8590.0,8594.5,8590.0,8594.5,1.861,15994.3645
2020-05-12 06:58:00,8594.5,8595.0,8594.5,8595.0,0.426,3661.47
2020-05-12 06:59:00,8595.0,8602.0,8595.0,8601.5,6.267,53905.6005
2020-05-12 07:00:00,8601.5,8602.0,8600.5,8600.5,1.598,13743.599
2020-05-12 07:01:00,8600.5,8604.5,8600.5,8604.5,0.451,3880.6295
2020-05-12 07:02:00,8604.5,8613.5,8604.5,8613.5,0.106,913.031
2020-05-12 07:03:00,8613.5,8614.0,8613.5,8613.5,0.037,318.6995
2020-05-12 07:04:00,8613.5,8613.5,8607.0,8609.5,0.186,1601.367
2020-05-12 07:05:00,8609.5,8609.5,8606.0,8606.0,0.626,5387.356
2020-05-12 07:06:00,8606.0,8606.0,8600.0,8600.0,8.246,70915.6
2020-05-12 07:07:00,8600.0,8600.0,8593.0,8593.0,0.395,3394.235
2020-05-12 07:08:00,8593.0,8603.5,8592.5,8601.0,4.06,34920.06
2020-05-12 07:09:00,8601.0,8602.5,8599.5,8600.5,1.666,14328.433
2020-05-12 07:10:00,8600.5,8600.5,8590.5,8590.5,12.62,108412.11
2020-05-12 07:11:00,8590.5,8590.5,8590.0,8590.0,0.175,1503.25
2020-05-12 07:12:00,8590.0,8590.0,8581.0,8583.0,2.025,17380.575
2020-05-12 07:13:00,8583.0,8584.0,8583.0,8584.0,1.453,12472.552
2020-05-12 07:14:00,8584.0,8600.0,8584.0,8600.0,3.68,31648.0
2020-05-12 07:15:00,8600.0,8616.0,8600.0,8616.0,6.232,53694.912
2020-05-12 07:16:00,8616.0,8620.0,8616.0,8620.0,0.237,2042.94
2020-05-12 07:17:00,8620.0,8620.0,8615.0,8615.5,2.242,19315.951
2020-05-12 07:18:00,8615.5,8615.5,8615.5,8615.5,0.0,0.0
2020-05-12 07:19:00,8615.5,8630.0,8614.5,8626.0,3.842,33141.092
2020-05-12 07:20:00,8626.0,8626.5,8623.5,8625.0,4.038,34827.75
2020-05-12 07:21:00,8625.0,8625.0,8624.5,8624.5,0.926,7986.287
2020-05-12 07:22:00,8624.5,8625.5,8622.5,8625.0,0.887,7650.375
2020-05-12 07:23:00,8625.0,8640.0,8625.0,8632.5,8.541,73730.1825
2020-05-12 07:24:00,8632.5,8632.5,8618.0,8618.0,0.264,2275.152
2020-05-12 07:25:00,8618.0,8624.0,8618.0,8619.5,0.73,6292.235
2020-05-12 07:26:00,8619.5,8620.0,8619.5,8619.5,0.022,189.629
2020-05-12 07:27:00,8619.5,8619.5,8618.5,8618.5,0.083,715.3355
2020-05-12 07:28:00,8618.5,8618.5,8616.0,8616.5,2.223,19154.4795
2020-05-12 07:29:00,8616.5,8616.5,8615.5,8615.5,0.098,844.319
2020-05-12 07:30:00,8615.5,8632.5,8615.5,8632.5,1.862,16073.715
2020-05-12 07:31:00,8632.5,8636.5,8632.5,8636.0,11.864,102457.504
2020-05-12 07:32:00,8636.0,8636.5,8636.0,8636.0,6.423,55469.028
2020-05-12 07:33:00,8636.0,8636.0,8628.5,8628.5,1.088,9387.808
2020-05-12 07:34:00,8628.5,8632.5,8627.5,8632.5,0.849,7328.9925
2020-05-12 07:35:00,8632.5,8632.5,8626.0,8626.5,1.982,17097.723
2020-05-12 07:36:00,8626.5,8628.5,8626.5,8628.5,0.411,3546.3135
2020-05-12 07:37:00,8628.5,8628.5,8615.0,8615.0,0.629,5418.835
2020-05-12 07:38:00,8615.0,8615.0,8608.5,8608.5,2.912,25067.952
2020-05-12 07:39:00,8608.5,8608.5,8605.0,8605.0,0.298,2564.29
2020-05-12 07:40:00,8605.0,8613.5,8605.0,8613.5,9.333,80389.7955
2020-05-12 07:41:00,8613.5,8622.0,8613.5,8620.0,0.737,6352.94
2020-05-12 07:42:00,8620.0,8623.0,8620.0,8622.0,0.783,6751.026
2020-05-12 07:43:00,8622.0,8622.0,8617.0,8617.0,1.008,8685.936
2020-05-12 07:44:00,8617.0,8618.0,8617.0,8618.0,1.0,8618.0
2020-05-12 07:45:00,8618.0,8618.0,8615.5,8615.5,0.2,1723.1
2020-05-12 07:46:00,8615.5,8620.0,8615.5,8620.0,6.799,58607.38
2020-05-12 07:47:00,8620.0,8620.0,8619.5,8619.5,0.6,5171.7
2020-05-12 07:48:00,8619.5,8620.0,8610.5,8610.5,5.978,51473.569
2020-05-12 07:49:00,8610.5,8610.5,8608.0,8608.0,0.016,137.728
2020-05-12 07:50:00,8608.0,8608.0,8602.0,8602.0,12.422,106854.044
2020-05-12 07:51:00,8602.0,8602.5,8602.0,8602.5,0.582,5006.655
2020-05-12 07:52:00,8602.5,8605.0,8602.5,8604.5,0.326,2805.067
2020-05-12 07:53:00,8604.5,8604.5,8597.0,8597.0,2.176,18707.072
2020-05-12 07:54:00,8597.0,8601.0,8596.0,8601.0,0.809,6958.209
2020-05-12 07:55:00,8601.0,8605.0,8601.0,8605.0,4.974,42801.27
2020-05-12 07:56:00,8605.0,8615.5,8605.0,8615.5,0.929,8003.7995
2020-05-12 07:57:00,8615.5,8616.5,8615.5,8616.0,0.016,137.856
2020-05-12 07:58:00,8616.0,8616.0,8615.5,8615.5,0.01,86.155
2020-05-12 07:59:00,8615.5,8615.5,8615.5,8615.5,0.0,0.0
2020-05-12 08:00:00,8615.5,8615.5,8609.5,8609.5,0.409,3521.2855
2020-05-12 08:01:00,8609.5,8609.5,8609.5,8609.5,0.0,0.0
2020-05-12 08:02:00,8609.5,8609.5,8608.0,8608.0,0.033,284.064
2020-05-12 08:03:00,8608.0,8608.0,8604.5,8607.5,1.556,13393.27
2020-05-12 08:04:00,8607.5,8615.5,8607.5,8615.0,1.666,14352.59
2020-05-12 08:05:00,8615.0,8615.5,8615.0,8615.0,2.203,18978.845
2020-05-12 08:06:00,8615.0,8619.5,8615.0,8619.5,4.059,34986.5505
2020-05-12 08:07:00,8619.5,8619.5,8613.0,8613.0,1.193,10275.309
2020-05-12 08:08:00,8613.0,8613.0,8613.0,8613.0,0.0,0.0
2020-05-12 08:09:00,8613.0,8613.0,8610.5,8610.5,0.85,7318.925
2020-05-12 08:10:00,8610.5,8617.5,8607.5,8617.5,0.982,8462.385
2020-05-12 08:11:00,8617.5,8642.0,8617.5,8639.5,8.149,70403.2855
2020-05-12 08:12:00,8639.5,8640.5,8639.5,8640.5,0.008,69.124
2020-05-12 08:13:00,8640.5,8640.5,8638.0,8640.0,4.889,42240.96
2020-05-12 08:14:00,8640.0,8649.5,8640.0,8649.5,3.484,30134.858
2020-05-12 08:15:00,8649.5,8649.5,8644.5,8644.5,4.393,37975.2885
2020-05-12 08:16:00,8644.5,8658.0,8640.0,8657.5,6.493,56213.1475
2020-05-12 08:17:00,8657.5,8658.0,8656.0,8656.5,3.075,26618.7375
2020-05-12 08:18:00,8656.5,8656.5,8653.0,8653.0,2.717,23510.201
2020-05-12 08:19:00,8653.0,8657.0,8649.5,8657.0,13.284,114999.588
2020-05-12 08:20:00,8657.0,8687.5,8657.0,8676.0,34.315,297716.94
2020-05-12 08:21:00,8676.0,8676.0,8669.0,8669.0,9.867,85537.023
2020-05-12 08:22:00,8669.0,8672.0,8664.5,8672.0,4.074,35329.728
2020-05-12 08:23:00,8672.0,8672.0,8667.5,8667.5,3.393,29408.8275
2020-05-12 08:24:00,8667.5,8667.5,8661.0,8661.5,5.657,48998.1055
2020-05-12 08:25:00,8661.5,8661.5,8648.5,8653.5,3.047,26367.2145
2020-05-12 08:26:00,8653.5,8658.5,8653.5,8658.5,1.515,13117.6275
2020-05-12 08:27:00,8658.5,8658.5,8625.0,8627.0,20.68,178406.36
2020-05-12 08:28:00,8627.0,8635.5,8627.0,8635.5,2.515,21718.2825
2020-05-12 08:29:00,8635.5,8636.5,8635.0,8635.0,1.574,13591.49
2020-05-12 08:30:00,8635.0,8640.5,8635.0,8637.0,0.289,2496.093
2020-05-12 08:31:00,8637.0,8639.5,8635.0,8639.5,0.064,552.928
2020-05-12 08:32:00,8639.5,8651.0,8639.5,8651.0,1.401,12120.051
2020-05-12 08:33:00,8651.0,8651.0,8651.0,8651.0,0.0,0.0
2020-05-12 08:34:00,8651.0,8651.5,8651.0,8651.5,0.004,34.606
2020-05-12 08:35:00,8651.5,8657.0,8651.5,8657.0,0.113,978.241
2020-05-12 08:36:00,8657.0,8661.0,8655.0,8661.0,0.619,5361.159
2020-05-12 08:37:00,8661.0,8661.0,8656.0,8656.0,3.804,32927.424
2020-05-12 08:38:00,8656.0,8675.0,8656.0,8674.5,2.425,21035.6625
2020-05-12 08:39:00,8674.5,8674.5,8663.5,8663.5,3.869,33519.0815
2020-05-12 08:40:00,8663.5,8668.0,8657.0,8657.0,2.682,23218.074
2020-05-12 08:41:00,8657.0,8657.0,8643.0,8643.0,3.211,27752.673
2020-05-12 08:42:00,8643.0,8644.0,8643.0,8644.0,0.675,5834.7
2020-05-12 08:43:00,8644.0,8648.5,8644.0,8648.0,0.676,5846.048
2020-05-12 08:44:00,8648.0,8648.0,8648.0,8648.0,0.29,2507.92
2020-05-12 08:45:00,8648.0,8658.5,8648.0,8658.5,3.178,27516.713
2020-05-12 08:46:00,8658.5,8658.5,8658.5,8658.5,0.006,51.951
2020-05-12 08:47:00,8658.5,8663.0,8656.5,8663.0,2.321,20106.823
2020-05-12 08:48:00,8663.0,8663.5,8659.5,8663.5,1.829,15845.5415
2020-05-12 08:49:00,8663.5,8663.5,8654.5,8662.0,17.157,148613.934
2020-05-12 08:50:00,8662.0,8672.0,8662.0,8663.0,26.127,226338.201
2020-05-12 08:51:00,8663.0,8667.0,8663.0,8664.5,1.009,8742.4805
2020-05-12 08:52:00,8664.5,8665.5,8664.5,8665.5,0.242,2097.051
2020-05-12 08:53:00,8665.5,8672.0,8665.5,8672.0,0.304,2636.288
2020-05-12 08:54:00,8672.0,8672.0,8670.0,8670.5,1.141,9893.0405
2020-05-12 08:55:00,8670.5,8684.0,8670.5,8684.0,4.329,37593.036
2020-05-12 08:56:00,8684.0,8684.0,8683.5,8684.0,0.156,1354.704
2020-05-12 08:57:00,8684.0,8684.0,8680.5,8680.5,1.111,9644.0355
2020-05-12 08:58:00,8680.5,8681.0,8663.5,8663.5,5.844,50629.494
2020-05-12 08:59:00,8663.5,8677.5,8663.5,8677.5,6.523,56603.3325
2020-05-12 09:00:00,8677.5,8681.0,8674.0,8674.5,10.474,90856.713
2020-05-12 09:01:00,8674.5,8674.5,8670.0,8670.0,0.223,1933.41
2020-05-12 09:02:00,8670.0,8670.0,8666.0,8667.5,7.316,63411.43
2020-05-12 09:03:00,8667.5,8667.5,8667.5,8667.5,0.0,0.0
2020-05-12 09:04:00,8667.5,8675.5,8666.0,8670.0,3.418,29634.06
2020-05-12 09:05:00,8670.0,8670.0,8668.0,8668.0,2.449,21227.932
2020-05-12 09:06:00,8668.0,8674.0,8661.5,8661.5,1.71,14811.165
2020-05-12 09:07:00,8661.5,8661.5,8661.0,8661.0,0.06,519.66
2020-05-12 09:08:00,8661.0,8666.5,8661.0,8666.5,1.088,9429.152
2020-05-12 09:09:00,8666.5,8687.0,8666.5,8687.0,17.326,150510.962
2020-05-12 09:10:00,8687.0,8717.0,8687.0,8717.0,61.113,532722.021
2020-05-12 09:11:00,8717.0,8737.0,8716.5,8720.0,37.954,330958.88
2020-05-12 09:12:00,8720.0,8733.5,8720.0,8722.0,15.524,135400.328
2020-05-12 09:13:00,8722.0,8725.5,8720.0,8721.0,5.695,49666.095
2020-05-12 09:14:00,8721.0,8721.0,8714.5,8720.5,4.406,38422.523
2020-05-12 09:15:00,8720.5,8732.5,8720.5,8732.5,1.994,17412.605
2020-05-12 09:16:00,8732.5,8732.5,8723.5,8723.5,2.846,24827.081
2020-05-12 09:17:00,8723.5,8728.0,8723.5,8728.0,5.232,45664.896
2020-05-12 09:18:00,8728.0,8728.0,8725.5,8725.5,0.861,7512.6555
2020-05-12 09:19:00,8725.5,8725.5,8709.0,8712.5,7.33,63862.625
2020-05-12 09:20:00,8712.5,8718.0,8708.5,8718.0,7.836,68314.248
2020-05-12 09:21:00,8718.0,8726.0,8718.0,8726.0,2.321,20253.046
2020-05-12 09:22:00,8726.0,8736.0,8720.0,8720.0,7.655,66751.6
2020-05-12 09:23:00,8720.0,8727.5,8716.5,8723.5,2.907,25359.2145
2020-05-12 09:24:00,8723.5,8728.0,8723.5,8724.5,5.132,44774.134
2020-05-12 09:25:00,8724.5,8725.0,8724.5,8724.5,3.915,34156.4175
2020-05-12 09:26:00,8724.5,8730.5,8719.5,8719.5,10.048,87613.536
2020-05-12 09:27:00,8719.5,8720.5,8719.0,8719.0,0.987,8605.653
2020-05-12 09:28:00,8719.0,8719.5,8715.0,8715.0,4.658,40594.47
2020-05-12 09:29:00,8715.0,8724.0,8714.5,8718.5,23.93,208633.705
2020-05-12 09:30:00,8718.5,8718.5,8700.5,8709.5,8.916,77653.902
2020-05-12 09:31:00,8709.5,8727.0,8709.5,8716.5,1.922,16753.113
2020-05-12 09:32:00,8716.5,8722.5,8716.5,8716.5,3.882,33837.453
2020-05-12 09:33:00,8716.5,8723.5,8716.5,8718.5,4.277,37289.0245
2020-05-12 09:34:00,8718.5,8721.5,8718.0,8718.5,0.523,4559.7755
2020-05-12 09:35:00,8718.5,8719.0,8707.5,8707.5,2.144,18668.88
2020-05-12 09:36:00,8707.5,8707.5,8695.5,8703.5,23.722,206464.427
2020-05-12 09:37:00,8703.5,8704.5,8699.5,8704.5,0.521,4535.0445
2020-05-12 09:38:00,8704.5,8704.5,8694.0,8694.0,3.004,26116.776
2020-05-12 09:39:00,8694.0,8694.0,8690.5,8694.0,5.389,46851.966
2020-05-12 09:40:00,8694.0,8694.0,8693.5,8694.0,1.118,9719.892
2020-05-12 09:41:00,8694.0,8694.0,8683.0,8683.5,2.986,25928.931
2020-05-12 09:42:00,8683.5,8689.0,8683.5,8689.0,0.192,1668.288
2020-05-12 09:43:00,8689.0,8689.0,8670.0,8683.0,11.962,103866.046
2020-05-12 09:44:00,8683.0,8685.5,8683.0,8685.5,0.018,156.339
2020-05-12 09:45:00,8685.5,8685.5,8674.0,8683.0,15.254,132450.482
2020-05-12 09:46:00,8683.0,8688.5,8682.5,8688.5,2.275,19766.3375
2020-05-12 09:47:00,8688.5,8690.0,8688.0,8688.0,1.73,15030.24
2020-05-12 09:48:00,8688.0,8692.0,8688.0,8692.0,0.498,4328.616
2020-05-12 09:49:00,8692.0,8692.0,8667.0,8669.0,6.896,59781.424
2020-05-12 09:50:00,8669.0,8673.5,8669.0,8673.5,3.198,27737.853
2020-05-12 09:51:00,8673.5,8674.0,8673.0,8673.5,0.801,6947.4735
2020-05-12 09:52:00,8673.5,8688.5,8673.5,8688.5,1.326,11520.951
2020-05-12 09:53:00,8688.5,8691.0,8687.0,8691.0,5.188,45088.908
2020-05-12 09:54:00,8691.0,8691.0,8689.5,8691.0,2.053,17842.623
2020-05-12 09:55:00,8691.0,8691.0,8684.0,8690.0,1.843,16015.67
2020-05-12 09:56:00,8690.0,8690.0,8687.5,8690.0,0.302,2624.38
2020-05-12 09:57:00,8690.0,8690.0,8683.0,8684.0,1.876,16291.184
2020-05-12 09:58:00,8684.0,8684.0,8682.5,8682.5,0.337,2926.0025
2020-05-12 09:59:00,8682.5,8682.5,8682.5,8682.5,0.0,0.0
2020-05-12 10:00:00,8682.5,8682.5,8682.0,8682.0,0.01,86.82
2020-05-12 10:01:00,8682.0,8687.0,8682.0,8686.0,2.053,17832.358
2020-05-12 10:02:00,8686.0,8686.0,8683.5,8685.5,0.71,6166.705
2020-05-12 10:03:00,8685.5,8686.0,8685.0,8686.0,1.863,16182.018
2020-05-12 10:04:00,8686.0,8691.0,8685.0,8691.0,1.526,13262.466
2020-05-12 10:05:00,8691.0,8711.5,8691.0,8708.0,5.217,45429.636
2020-05-12 10:06:00,8708.0,8708.0,8708.0,8708.0,0.0,0.0
2020-05-12 10:07:00,8708.0,8716.0,8707.0,8713.5,11.957,104187.3195
2020-05-12 10:08:00,8713.5,8714.0,8712.0,8712.0,1.079,9400.248
2020-05-12 10:09:00,8712.0,8716.5,8709.5,8716.5,1.04,9065.16
2020-05-12 10:10:00,8716.5,8720.0,8716.5,8717.5,3.669,31984.5075
2020-05-12 10:11:00,8717.5,8720.0,8717.5,8719.5,0.572,4987.554
2020-05-12 10:12:00,8719.5,8722.0,8716.5,8722.0,0.537,4683.714
2020-05-12 10:13:00,8722.0,8722.0,8720.0,8721.5,1.615,14085.2225
2020-05-12 10:14:00,8721.5,8728.0,8721.5,8728.0,6.0,52368.0
2020-05-12 10:15:00,8728.0,8728.0,8713.0,8713.0,0.203,1768.739
2020-05-12 10:16:00,8713.0,8728.0,8712.5,8728.0,25.207,220006.696
2020-05-12 10:17:00,8728.0,8729.5,8728.0,8729.5,3.761,32831.6495
2020-05-12 10:18:00,8729.5,8749.0,8729.0,8733.5,18.792,164119.932
2020-05-12 10:19:00,8733.5,8733.5,8720.0,8727.0,13.84,120781.68
2020-05-12 10:20:00,8727.0,8727.0,8723.0,8724.0,4.275,37295.1
2020-05-12 10:21:00,8724.0,8727.5,8723.5,8723.5,0.511,4457.7085
2020-05-12 10:22:00,8723.5,8724.0,8723.5,8724.0,0.015,130.86
2020-05-12 10:23:00,8724.0,8724.0,8723.5,8723.5,2.0,17447.0
2020-05-12 10:24:00,8723.5,8723.5,8712.0,8712.5,2.034,17721.225
2020-05-12 10:25:00,8712.5,8712.5,8703.0,8706.5,0.215,1871.8975
2020-05-12 10:26:00,8706.5,8706.5,8706.5,8706.5,0.001,8.7065
2020-05-12 10:27:00,8706.5,8711.0,8706.5,8711.0,1.555,13545.605
2020-05-12 10:28:00,8711.0,8711.0,8702.5,8703.0,1.372,11940.516
2020-05-12 10:29:00,8703.0,8705.5,8702.5,8705.5,2.234,19448.087
2020-05-12 10:30:00,8705.5,8707.0,8703.0,8707.0,0.246,2141.922
2020-05-12 10:31:00,8707.0,8719.0,8707.0,8719.0,6.769,59018.911
2020-05-12 10:32:00,8719.0,8719.0,8718.5,8718.5,0.661,5762.9285
2020-05-12 10:33:00,8718.5,8718.5,8715.5,8715.5,3.764,32805.142
2020-05-12 10:34:00,8715.5,8715.5,8715.0,8715.5,1.622,14136.541
2020-05-12 10:35:00,8715.5,8715.5,8715.5,8715.5,0.264,2300.892
2020-05-12 10:36:00,8715.5,8715.5,8709.0,8711.0,0.215,1872.865
2020-05-12 10:37:00,8711.0,8735.5,8711.0,8735.5,2.828,24703.994
2020-05-12 10:38:00,8735.5,8745.5,8727.0,8727.0,3.017,26329.359
2020-05-12 10:39:00,8727.0,8739.5,8727.0,8733.5,42.82,373968.47
2020-05-12 10:40:00,8733.5,8736.0,8732.0,8736.0,1.34,11706.24
2020-05-12 10:41:00,8736.0,8736.5,8734.5,8734.5,1.517,13250.2365
2020-05-12 10:42:00,8734.5,8736.0,8729.5,8732.5,53.085,463564.7625
2020-05-12 10:43:00,8732.5,8746.5,8732.5,8737.5,100.001,873758.7375
2020-05-12 10:44:00,8737.5,8747.0,8737.5,8738.5,2.443,21348.1555
2020-05-12 10:45:00,8738.5,8738.5,8732.0,8732.0,2.138,18669.016
2020-05-12 10:46:00,8732.0,8736.0,8731.0,8736.0,0.593,5180.448
2020-05-12 10:47:00,8736.0,8742.0,8735.5,8741.5,2.011,17579.1565
2020-05-12 10:48:00,8741.5,8760.0,8741.5,8759.5,12.113,106103.8235
2020-05-12 10:49:00,8759.5,8760.0,8756.0,8756.5,1.305,11427.2325
2020-05-12 10:50:00,8756.5,8756.5,8752.5,8753.0,4.598,40246.294
2020-05-12 10:51:00,8753.0,8754.0,8753.0,8753.5,0.754,6600.139
2020-05-12 10:52:00,8753.5,8753.5,8735.0,8735.0,15.864,138572.04
2020-05-12 10:53:00,8735.0,8744.0,8735.0,8744.0,12.525,109518.6
2020-05-12 10:54:00,8744.0,8746.5,8741.0,8741.0,0.526,4597.766
2020-05-12 10:55:00,8741.0,8748.0,8741.0,8748.0,4.878,42672.744
2020-05-12 10:56:00,8748.0,8748.0,8742.5,8742.5,1.034,9039.745
2020-05-12 10:57:00,8742.5,8742.5,8732.5,8732.5,1.354,11823.805
2020-05-12 10:58:00,8732.5,8737.5,8731.5,8737.0,1.039,9077.743
2020-05-12 10:59:00,8737.0,8743.5,8734.5,8740.0,10.884,95126.16
2020-05-12 11:00:00,8740.0,8742.0,8738.5,8741.5,0.496,4335.784
2020-05-12 11:01:00,8741.5,8753.0,8741.5,8751.5,3.715,32511.8225
2020-05-12 11:02:00,8751.5,8752.5,8748.5,8752.5,12.016,105170.04
2020-05-12 11:03:00,8752.5,8752.5,8752.0,8752.0,1.282,11220.064
2020-05-12 11:04:00,8752.0,8752.5,8749.0,8749.0,6.826,59720.674
2020-05-12 11:05:00,8749.0,8749.5,8749.0,8749.5,1.504,13159.248
2020-05-12 11:06:00,8749.5,8761.5,8749.5,8761.5,2.623,22981.4145
2020-05-12 11:07:00,8761.5,8761.5,8754.0,8755.5,3.08,26966.94
2020-05-12 11:08:00,8755.5,8758.5,8755.5,8758.5,0.412,3608.502
2020-05-12 11:09:00,8758.5,8765.0,8758.5,8765.0,4.644,40704.66
2020-05-12 11:10:00,8765.0,8777.0,8764.5,8777.0,6.295,55251.215
2020-05-12 11:11:00,8777.0,8777.0,8772.5,8773.0,1.642,14405.266
2020-05-12 11:12:00,8773.0,8773.0,8760.0,8763.0,0.135,1183.005
2020-05-12 11:13:00,8763.0,8763.0,8754.0,8754.0,6.948,60822.792
2020-05-12 11:14:00,8754.0,8765.5,8754.0,8764.0,23.341,204560.524
2020-05-12 11:15:00,8764.0,8765.0,8758.0,8758.0,6.314,55298.012
2020-05-12 11:16:00,8758.0,8760.5,8758.0,8760.5,2.156,18887.638
2020-05-12 11:17:00,8760.5,8760.5,8747.0,8747.0,3.547,31025.609
2020-05-12 11:18:00,8747.0,8748.5,8741.0,8748.5,19.067,166807.6495
2020-05-12 11:19:00,8748.5,8756.0,8748.5,8756.0,0.489,4281.684
2020-05-12 11:20:00,8756.0,8756.0,8756.0,8756.0,0.384,3362.304
2020-05-12 11:21:00,8756.0,8766.0,8756.0,8758.5,4.708,41235.018
2020-05-12 11:22:00,8758.5,8758.5,8743.5,8744.0,2.273,19875.112
2020-05-12 11:23:00,8744.0,8746.5,8733.5,8737.0,9.206,80432.822
2020-05-12 11:24:00,8737.0,8743.5,8737.0,8743.5,0.629,5499.6615
2020-05-12 11:25:00,8743.5,8743.5,8737.5,8737.5,1.264,11044.2
2020-05-12 11:26:00,8737.5,8737.5,8722.5,8733.0,4.901,42800.433
2020-05-12 11:27:00,8733.0,8737.0,8733.0,8737.0,3.63,31715.31
2020-05-12 11:28:00,8737.0,8737.0,8732.5,8736.0,1.657,14475.552
2020-05-12 11:29:00,8736.0,8736.0,8733.0,8733.0,1.007,8794.131
2020-05-12 11:30:00,8733.0,8736.5,8733.0,8736.5,0.594,5189.481
2020-05-12 11:31:00,8736.5,8736.5,8736.0,8736.0,0.05,436.8
2020-05-12 11:32:00,8736.0,8746.0,8736.0,8746.0,5.325,46572.45
2020-05-12 11:33:00,8746.0,8755.5,8746.0,8755.5,1.756,15374.658
2020-05-12 11:34:00,8755.5,8755.5,8748.5,8748.5,2.04,17846.94
2020-05-12 11:35:00,8748.5,8757.5,8748.5,8757.5,1.349,11813.8675
2020-05-12 11:36:00,8757.5,8757.5,8749.5,8749.5,1.288,11269.356
2020-05-12 11:37:00,8749.5,8749.5,8741.5,8741.5,9.135,79853.6025
2020-05-12 11:38:00,8741.5,8741.5,8741.0,8741.0,0.096,839.136
2020-05-12 11:39:00,8741.0,8741.0,8741.0,8741.0,0.0,0.0
2020-05-12 11:40:00,8741.0,8741.5,8731.5,8731.5,2.297,20056.2555
2020-05-12 11:41:00,8731.5,8731.5,8726.5,8726.5,2.992,26109.688
2020-05-12 11:42:00,8726.5,8726.5,8721.5,8721.5,6.565,57256.6475
2020-05-12 11:43:00,8721.5,8721.5,8715.5,8720.0,6.118,53348.96
2020-05-12 11:44:00,8720.0,8725.0,8719.0,8720.0,5.409,47166.48
2020-05-12 11:45:00,8720.0,8735.0,8718.0,8730.5,1.079,9420.2095
2020-05-12 11:46:00,8730.5,8730.5,8722.0,8722.0,0.321,2799.762
2020-05-12 11:47:00,8722.0,8722.5,8719.0,8719.0,1.842,16060.398
2020-05-12 11:48:00,8719.0,8723.0,8715.0,8723.0,1.558,13590.434
2020-05-12 11:49:00,8723.0,8723.0,8722.5,8723.0,0.893,7789.639
2020-05-12 11:50:00,8723.0,8723.0,8723.0,8723.0,0.003,26.169
2020-05-12 11:51:00,8723.0,8723.0,8722.0,8722.0,0.213,1857.786
2020-05-12 11:52:00,8722.0,8722.0,8722.0,8722.0,1.193,10405.346
2020-05-12 11:53:00,8722.0,8722.0,8697.0,8697.0,16.917,147127.149
2020-05-12 11:54:00,8697.0,8705.0,8697.0,8704.5,8.816,76738.872
2020-05-12 11:55:00,8704.5,8704.5,8698.0,8699.0,2.354,20477.446
2020-05-12 11:56:00,8699.0,8699.0,8679.5,8680.5,34.214,296994.627
2020-05-12 11:57:00,8680.5,8689.0,8658.0,8658.5,19.501,168849.4085
2020-05-12 11:58:00,8658.5,8677.5,8658.5,8677.5,76.692,665494.83
2020-05-12 11:59:00,8677.5,8677.5,8673.0,8673.5,4.404,38198.094
2020-05-12 12:00:00,8673.5,8684.5,8673.5,8684.5,17.537,152300.0765
2020-05-12 12:01:00,8684.5,8687.0,8684.5,8686.5,2.102,18259.023
2020-05-12 12:02:00,8686.5,8688.0,8682.5,8682.5,1.908,16566.21
2020-05-12 12:03:00,8682.5,8686.5,8682.0,8686.5,1.2,10423.8
2020-05-12 12:04:00,8686.5,8686.5,8684.0,8685.5,0.503,4368.8065
2020-05-12 12:05:00,8685.5,8690.5,8684.0,8687.5,1.219,10590.0625
2020-05-12 12:06:00,8687.5,8690.5,8687.5,8690.5,0.79,6865.495
2020-05-12 12:07:00,8690.5,8690.5,8686.5,8686.5,4.896,42529.104
2020-05-12 12:08:00,8686.5,8691.5,8686.5,8691.5,1.674,14549.571
2020-05-12 12:09:00,8691.5,8700.0,8691.5,8700.0,6.114,53191.8
2020-05-12 12:10:00,8700.0,8710.5,8697.0,8706.0,6.211,54072.966
2020-05-12 12:11:00,8706.0,8706.0,8700.5,8704.0,0.201,1749.504
2020-05-12 12:12:00,8704.0,8704.0,8695.5,8696.0,0.88,7652.48
2020-05-12 12:13:00,8696.0,8699.0,8693.5,8693.5,2.096,18221.576
2020-05-12 12:14:00,8693.5,8693.5,8693.5,8693.5,0.0,0.0
2020-05-12 12:15:00,8693.5,8694.0,8692.5,8692.5,1.3,11300.25
2020-05-12 12:16:00,8692.5,8692.5,8687.0,8690.0,1.745,15164.05
2020-05-12 12:17:00,8690.0,8690.0,8682.0,8682.5,4.904,42578.98
2020-05-12 12:18:00,8682.5,8682.5,8681.0,8681.0,0.716,6215.596
2020-05-12 12:19:00,8681.0,8681.0,8677.5,8677.5,0.727,6308.5425
2020-05-12 12:20:00,8677.5,8678.0,8677.5,8678.0,1.203,10439.634
2020-05-12 12:21:00,8678.0,8680.0,8678.0,8680.0,0.065,564.2
2020-05-12 12:22:00,8680.0,8680.5,8679.5,8679.5,2.006,17411.077
2020-05-12 12:23:00,8679.5,8679.5,8675.5,8675.5,1.376,11937.488
2020-05-12 12:24:00,8675.5,8678.0,8675.0,8678.0,1.385,12019.03
2020-05-12 12:25:00,8678.0,8692.5,8678.0,8692.5,2.822,24530.235
2020-05-12 12:26:00,8692.5,8702.5,8692.5,8701.5,2.725,23711.5875
2020-05-12 12:27:00,8701.5,8701.5,8697.5,8700.5,0.711,6186.0555
2020-05-12 12:28:00,8700.5,8700.5,8700.0,8700.0,0.771,6707.7
2020-05-12 12:29:00,8700.0,8702.0,8700.0,8700.5,0.456,3967.428
2020-05-12 12:30:00,8700.5,8717.0,8700.5,8711.5,3.682,32075.743
2020-05-12 12:31:00,8711.5,8713.5,8711.5,8713.5,1.054,9184.029
2020-05-12 12:32:00,8713.5,8714.0,8713.5,8714.0,0.125,1089.25
2020-05-12 12:33:00,8714.0,8714.0,8713.5,8713.5,1.79,15597.165
2020-05-12 12:34:00,8713.5,8713.5,8710.0,8710.0,0.401,3492.71
2020-05-12 12:35:00,8710.0,8710.0,8710.0,8710.0,11.724,102116.04
2020-05-12 12:36:00,8710.0,8710.0,8704.0,8704.5,0.603,5248.8135
2020-05-12 12:37:00,8704.5,8704.5,8704.5,8704.5,0.03,261.135
2020-05-12 12:38:00,8704.5,8704.5,8704.5,8704.5,0.1,870.45
2020-05-12 12:39:00,8704.5,8705.0,8704.5,8705.0,0.055,478.775
2020-05-12 12:40:00,8705.0,8708.0,8705.0,8707.5,0.401,3491.7075
2020-05-12 12:41:00,8707.5,8707.5,8707.0,8707.0,0.957,8332.599
2020-05-12 12:42:00,8707.0,8707.0,8707.0,8707.0,0.0,0.0
2020-05-12 12:43:00,8707.0,8707.0,8703.0,8703.0,0.237,2062.611
2020-05-12 12:44:00,8703.0,8703.0,8695.0,8695.0,1.375,11955.625
2020-05-12 12:45:00,8695.0,8695.0,8684.5,8684.5,1.642,14259.949
2020-05-12 12:46:00,8684.5,8685.0,8684.5,8685.0,0.576,5002.56
2020-05-12 12:47:00,8685.0,8685.0,8681.0,8681.0,5.987,51973.147
2020-05-12 12:48:00,8681.0,8681.0,8680.5,8680.5,0.002,17.361
2020-05-12 12:49:00,8680.5,8683.5,8680.5,8683.5,0.063,547.0605
2020-05-12 12:50:00,8683.5,8693.5,8683.5,8686.0,1.859,16147.274
2020-05-12 12:51:00,8686.0,8687.5,8686.0,8687.5,0.529,4595.6875
2020-05-12 12:52:00,8687.5,8687.5,8686.5,8687.0,3.132,27207.684
2020-05-12 12:53:00,8687.0,8693.0,8686.5,8693.0,5.124,44542.932
2020-05-12 12:54:00,8693.0,8693.0,8686.5,8686.5,0.06,521.19
2020-05-12 12:55:00,8686.5,8686.5,8675.0,8675.5,1.145,9933.4475
2020-05-12 12:56:00,8675.5,8678.5,8670.5,8671.5,2.574,22320.441
2020-05-12 12:57:00,8671.5,8675.5,8671.5,8675.5,9.09,78860.295
2020-05-12 12:58:00,8675.5,8675.5,8645.0,8645.0,42.979,371553.455
2020-05-12 12:59:00,8645.0,8649.0,8622.0,8633.0,25.768,222455.144
2020-05-12 13:00:00,8633.0,8650.0,8627.5,8649.5,38.925,336681.7875
2020-05-12 13:01:00,8649.5,8649.5,8638.5,8638.5,5.923,51165.8355
2020-05-12 13:02:00,8638.5,8645.5,8630.0,8630.0,19.12,165005.6
2020-05-12 13:03:00,8630.0,8635.5,8617.0,8635.5,33.844,292259.862
2020-05-12 13:04:00,8635.5,8635.5,8631.5,8632.0,5.837,50384.984
2020-05-12 13:05:00,8632.0,8641.5,8632.0,8641.0,7.289,62984.249
2020-05-12 13:06:00,8641.0,8648.0,8641.0,8648.0,0.381,3294.888
2020-05-12 13:07:00,8648.0,8648.0,8641.5,8643.0,2.65,22903.95
2020-05-12 13:08:00,8643.0,8643.0,8639.0,8639.0,4.837,41786.843
2020-05-12 13:09:00,8639.0,8643.5,8639.0,8643.5,0.678,5860.293
2020-05-12 13:10:00,8643.5,8644.5,8640.5,8644.5,5.403,46706.2335
2020-05-12 13:11:00,8644.5,8645.0,8644.5,8645.0,0.251,2169.895
2020-05-12 13:12:00,8645.0,8648.0,8639.0,8639.0,2.473,21364.247
2020-05-12 13:13:00,8639.0,8639.0,8630.5,8630.5,6.787,58575.2035
2020-05-12 13:14:00,8630.5,8640.0,8630.5,8640.0,0.234,2021.76
2020-05-12 13:15:00,8640.0,8640.0,8636.5,8636.5,0.002,17.273
2020-05-12 13:16:00,8636.5,8641.5,8636.5,8641.5,0.331,2860.3365
2020-05-12 13:17:00,8641.5,8641.5,8641.5,8641.5,0.0,0.0
2020-05-12 13:18:00,8641.5,8644.0,8641.5,8644.0,1.852,16008.688
2020-05-12 13:19:00,8644.0,8644.0,8636.5,8636.5,3.925,33898.2625
2020-05-12 13:20:00,8636.5,8645.0,8636.5,8643.5,6.268,54177.458
2020-05-12 13:21:00,8643.5,8648.5,8643.5,8648.5,0.922,7973.917
2020-05-12 13:22:00,8648.5,8654.5,8648.5,8654.5,5.654,48932.543
2020-05-12 13:23:00,8654.5,8654.5,8654.5,8654.5,0.0,0.0
2020-05-12 13:24:00,8654.5,8655.5,8652.0,8652.0,4.044,34988.688
2020-05-12 13:25:00,8652.0,8659.5,8652.0,8659.0,4.668,40420.212
2020-05-12 13:26:00,8659.0,8661.0,8658.5,8659.0,4.627,40065.193
2020-05-12 13:27:00,8659.0,8661.5,8658.5,8658.5,13.518,117045.603
2020-05-12 13:28:00,8658.5,8658.5,8657.5,8657.5,0.01,86.575
2020-05-12 13:29:00,8657.5,8657.5,8655.5,8656.0,2.712,23475.072
2020-05-12 13:30:00,8656.0,8656.0,8653.0,8653.0,1.06,9172.18
2020-05-12 13:31:00,8653.0,8653.0,8637.0,8637.0,6.197,53523.489
2020-05-12 13:32:00,8637.0,8647.0,8637.0,8647.0,8.46,73153.62
2020-05-12 13:33:00,8647.0,8647.0,8645.5,8645.5,0.754,6518.707
2020-05-12 13:34:00,8645.5,8645.5,8640.5,8641.0,1.373,11864.093
2020-05-12 13:35:00,8641.0,8668.5,8640.5,8668.5,7.697,66721.4445
2020-05-12 13:36:00,8668.5,8669.0,8663.5,8664.0,11.2,97036.8
2020-05-12 13:37:00,8664.0,8689.5,8664.0,8689.0,26.366,229094.174
2020-05-12 13:38:00,8689.0,8689.5,8681.5,8682.0,8.267,71774.094
2020-05-12 13:39:00,8682.0,8707.5,8681.5,8707.5,16.201,141070.2075
2020-05-12 13:40:00,8707.5,8715.0,8705.0,8715.0,13.567,118236.405
2020-05-12 13:41:00,8715.0,8742.0,8714.5,8737.0,35.643,311412.891
2020-05-12 13:42:00,8737.0,8743.0,8728.0,8743.0,7.105,62119.015
2020-05-12 13:43:00,8743.0,8744.5,8741.0,8741.0,3.606,31520.046
2020-05-12 13:44:00,8741.0,8756.0,8741.0,8744.0,26.598,232572.912
2020-05-12 13:45:00,8744.0,8744.0,8734.0,8734.5,4.586,40056.417
2020-05-12 13:46:00,8734.5,8734.5,8727.0,8727.5,7.345,64103.4875
2020-05-12 13:47:00,8727.5,8736.5,8727.0,8736.5,2.077,18145.7105
2020-05-12 13:48:00,8736.5,8737.0,8733.5,8736.5,8.589,75037.7985
2020-05-12 13:49:00,8736.5,8740.0,8736.5,8740.0,1.514,13232.36
2020-05-12 13:50:00,8740.0,8740.0,8729.0,8729.0,11.173,97529.117
2020-05-12 13:51:00,8729.0,8737.0,8729.0,8735.0,5.615,49047.025
2020-05-12 13:52:00,8735.0,8735.0,8731.0,8731.0,0.1,873.1
2020-05-12 13:53:00,8731.0,8734.5,8731.0,8734.5,0.209,1825.5105
2020-05-12 13:54:00,8734.5,8734.5,8734.5,8734.5,0.202,1764.369
2020-05-12 13:55:00,8734.5,8740.0,8733.0,8739.5,1.885,16473.9575
2020-05-12 13:56:00,8739.5,8747.0,8739.5,8747.0,2.788,24386.636
2020-05-12 13:57:00,8747.0,8750.0,8743.0,8750.0,3.168,27720.0
2020-05-12 13:58:00,8750.0,8762.5,8750.0,8760.5,13.565,118836.1825
2020-05-12 13:59:00,8760.5,8760.5,8753.0,8760.5,8.834,77390.257
2020-05-12 14:00:00,8760.5,8760.5,8752.5,8752.5,5.716,50029.29
2020-05-12 14:01:00,8752.5,8752.5,8741.0,8743.0,11.091,96968.613
2020-05-12 14:02:00,8743.0,8743.0,8736.5,8739.0,2.542,22214.538
2020-05-12 14:03:00,8739.0,8750.0,8739.0,8750.0,3.51,30712.5
2020-05-12 14:04:00,8750.0,8750.0,8746.0,8746.0,4.567,39942.982
2020-05-12 14:05:00,8746.0,8746.5,8738.5,8738.5,7.633,66700.9705
2020-05-12 14:06:00,8738.5,8739.0,8738.0,8738.0,4.104,35860.752
2020-05-12 14:07:00,8738.0,8739.0,8732.0,8734.0,13.118,114572.612
2020-05-12 14:08:00,8734.0,8734.0,8719.0,8724.0,15.445,134742.18
2020-05-12 14:09:00,8724.0,8729.5,8724.0,8729.5,2.305,20121.4975
2020-05-12 14:10:00,8729.5,8729.5,8727.5,8727.5,6.888,60115.02
2020-05-12 14:11:00,8727.5,8734.5,8727.5,8734.5,2.306,20141.757
2020-05-12 14:12:00,8734.5,8738.5,8733.5,8733.5,1.889,16497.5815
2020-05-12 14:13:00,8733.5,8733.5,8731.0,8731.5,4.191,36593.7165
2020-05-12 14:14:00,8731.5,8731.5,8731.5,8731.5,0.5,4365.75
2020-05-12 14:15:00,8731.5,8731.5,8718.0,8719.0,2.623,22869.937
2020-05-12 14:16:00,8719.0,8732.5,8719.0,8732.5,5.631,49172.7075
2020-05-12 14:17:00,8732.5,8743.0,8732.5,8743.0,1.711,14959.273
2020-05-12 14:18:00,8743.0,8743.0,8738.5,8739.0,2.67,23333.13
2020-05-12 14:19:00,8739.0,8746.5,8739.0,8746.0,5.158,45111.868
2020-05-12 14:20:00,8746.0,8748.0,8742.5,8748.0,2.812,24599.376
2020-05-12 14:21:00,8748.0,8749.0,8736.5,8739.0,4.336,37892.304
2020-05-12 14:22:00,8739.0,8755.0,8739.0,8749.0,10.316,90254.684
2020-05-12 14:23:00,8749.0,8750.5,8747.0,8747.0,5.058,44242.326
2020-05-12 14:24:00,8747.0,8747.0,8735.5,8735.5,4.726,41283.973
2020-05-12 14:25:00,8735.5,8737.0,8735.5,8736.5,3.0,26209.5
2020-05-12 14:26:00,8736.5,8736.5,8736.5,8736.5,0.0,0.0
2020-05-12 14:27:00,8736.5,8736.5,8732.5,8732.5,0.093,812.1225
2020-05-12 14:28:00,8732.5,8740.0,8732.5,8740.0,4.033,35248.42
2020-05-12 14:29:00,8740.0,8745.5,8740.0,8743.5,3.081,26938.7235
2020-05-12 14:30:00,8743.5,8755.0,8743.5,8755.0,7.097,62134.235
2020-05-12 14:31:00,8755.0,8755.0,8754.5,8755.0,1.274,11153.87
2020-05-12 14:32:00,8755.0,8765.0,8755.0,8762.5,20.845,182654.3125
2020-05-12 14:33:00,8762.5,8830.5,8762.5,8821.0,108.196,954396.916
2020-05-12 14:34:00,8821.0,8828.0,8810.5,8811.0,21.794,192026.934
2020-05-12 14:35:00,8811.0,8815.0,8810.5,8811.0,31.101,274030.911
2020-05-12 14:36:00,8811.0,8811.5,8801.0,8802.5,10.777,94864.5425
2020-05-12 14:37:00,8802.5,8802.5,8800.5,8800.5,11.055,97289.5275
2020-05-12 14:38:00,8800.5,8800.5,8785.0,8787.0,16.436,144423.132
2020-05-12 14:39:00,8787.0,8797.0,8787.0,8796.5,3.612,31772.958
2020-05-12 14:40:00,8796.5,8796.5,8785.0,8785.0,9.307,81761.995
2020-05-12 14:41:00,8785.0,8793.0,8785.0,8791.0,3.848,33827.768
2020-05-12 14:42:00,8791.0,8808.0,8791.0,8808.0,16.067,141518.136
2020-05-12 14:43:00,8808.0,8808.0,8792.5,8792.5,14.094,123921.495
2020-05-12 14:44:00,8792.5,8798.0,8792.5,8798.0,2.812,24739.976
2020-05-12 14:45:00,8798.0,8812.0,8794.5,8807.5,42.467,374028.1025
2020-05-12 14:46:00,8807.5,8807.5,8807.0,8807.0,0.599,5275.393
2020-05-12 14:47:00,8807.0,8814.5,8804.5,8814.0,2.368,20871.552
2020-05-12 14:48:00,8814.0,8815.5,8810.0,8815.5,16.231,143084.3805
2020-05-12 14:49:00,8815.5,8819.5,8800.0,8800.0,11.272,99193.6
2020-05-12 14:50:00,8800.0,8805.0,8795.5,8805.0,2.854,25129.47
2020-05-12 14:51:00,8805.0,8805.0,8804.5,8805.0,0.075,660.375
2020-05-12 14:52:00,8805.0,8805.0,8769.0,8781.0,40.568,356227.608
2020-05-12 14:53:00,8781.0,8782.5,8755.5,8757.5,20.472,179283.54
2020-05-12 14:54:00,8757.5,8766.0,8757.5,8765.5,10.444,91546.882
2020-05-12 14:55:00,8765.5,8765.5,8746.0,8759.0,28.812,252364.308
2020-05-12 14:56:00,8759.0,8763.5,8758.0,8758.0,6.787,59440.546
2020-05-12 14:57:00,8758.0,8768.0,8758.0,8766.0,24.912,218378.592
2020-05-12 14:58:00,8766.0,8766.0,8759.5,8759.5,8.742,76575.549
2020-05-12 14:59:00,8759.5,8759.5,8758.0,8758.0,1.74,15238.92
2020-05-12 15:00:00,8758.0,8766.0,8758.0,8760.0,5.421,47487.96
2020-05-12 15:01:00,8760.0,8760.0,8755.0,8755.0,14.131,123716.905
2020-05-12 15:02:00,8755.0,8765.0,8751.0,8765.0,38.826,340309.89
2020-05-12 15:03:00,8765.0,8765.0,8758.0,8760.0,0.868,7603.68
2020-05-12 15:04:00,8760.0,8767.5,8760.0,8767.5,2.282,20007.435
2020-05-12 15:05:00,8767.5,8770.0,8767.5,8770.0,2.357,20670.89
2020-05-12 15:06:00,8770.0,8779.0,8770.0,8772.5,6.017,52784.1325
2020-05-12 15:07:00,8772.5,8772.5,8772.5,8772.5,0.261,2289.6225
2020-05-12 15:08:00,8772.5,8772.5,8765.0,8765.0,1.016,8905.24
2020-05-12 15:09:00,8765.0,8765.0,8765.0,8765.0,1.778,15584.17
2020-05-12 15:10:00,8765.0,8765.0,8759.5,8759.5,8.441,73938.9395
2020-05-12 15:11:00,8759.5,8765.5,8758.0,8765.5,1.581,13858.2555
2020-05-12 15:12:00,8765.5,8779.5,8765.5,8779.5,4.045,35513.0775
2020-05-12 15:13:00,8779.5,8779.5,8779.0,8779.5,0.426,3740.067
2020-05-12 15:14:00,8779.5,8779.5,8771.5,8772.0,31.4,275440.8
2020-05-12 15:15:00,8772.0,8776.0,8772.0,8776.0,3.453,30303.528
2020-05-12 15:16:00,8776.0,8790.0,8776.0,8790.0,0.691,6073.89
2020-05-12 15:17:00,8790.0,8795.5,8790.0,8790.0,7.214,63411.06
2020-05-12 15:18:00,8790.0,8797.5,8789.5,8792.5,10.698,94062.165
2020-05-12 15:19:00,8792.5,8792.5,8785.0,8789.5,0.476,4183.802
2020-05-12 15:20:00,8789.5,8790.0,8787.5,8787.5,0.928,8154.8
2020-05-12 15:21:00,8787.5,8788.0,8787.5,8788.0,0.019,166.972
2020-05-12 15:22:00,8788.0,8796.0,8788.0,8796.0,1.01,8883.96
2020-05-12 15:23:00,8796.0,8796.5,8796.0,8796.5,27.577,242581.0805
2020-05-12 15:24:00,8796.5,8797.0,8796.5,8797.0,2.355,20716.935
2020-05-12 15:25:00,8797.0,8797.0,8790.5,8794.0,1.489,13094.266
2020-05-12 15:26:00,8794.0,8794.0,8784.0,8785.5,6.928,60865.944
2020-05-12 15:27:00,8785.5,8786.5,8785.0,8786.0,1.376,12089.536
2020-05-12 15:28:00,8786.0,8786.0,8780.5,8781.0,1.538,13505.178
2020-05-12 15:29:00,8781.0,8784.5,8781.0,8784.5,8.805,77347.5225
2020-05-12 15:30:00,8784.5,8784.5,8781.0,8781.0,0.382,3354.342
2020-05-12 15:31:00,8781.0,8794.0,8781.0,8794.0,12.699,111675.006
2020-05-12 15:32:00,8794.0,8810.0,8794.0,8806.0,38.168,336107.408
2020-05-12 15:33:00,8806.0,8810.5,8806.0,8810.5,1.469,12942.6245
2020-05-12 15:34:00,8810.5,8815.0,8810.0,8812.0,6.131,54026.372
2020-05-12 15:35:00,8812.0,8815.0,8812.0,8815.0,1.202,10595.63
2020-05-12 15:36:00,8815.0,8815.0,8805.0,8811.5,5.23,46084.145
2020-05-12 15:37:00,8811.5,8811.5,8801.5,8801.5,1.494,13149.441
2020-05-12 15:38:00,8801.5,8803.0,8798.0,8798.0,1.122,9871.356
2020-05-12 15:39:00,8798.0,8799.5,8798.0,8799.5,0.008,70.396
2020-05-12 15:40:00,8799.5,8802.5,8799.5,8800.5,20.527,180647.8635
2020-05-12 15:41:00,8800.5,8800.5,8790.0,8790.0,25.6,225024.0
2020-05-12 15:42:00,8790.0,8790.0,8760.0,8765.0,38.552,337908.28
2020-05-12 15:43:00,8765.0,8768.5,8752.0,8756.5,13.891,121636.5415
2020-05-12 15:44:00,8756.5,8774.0,8756.5,8764.0,5.438,47658.632
2020-05-12 15:45:00,8764.0,8764.5,8751.0,8751.0,1.767,15463.017
2020-05-12 15:46:00,8751.0,8755.5,8751.0,8755.5,2.872,25145.796
2020-05-12 15:47:00,8755.5,8771.5,8755.5,8771.5,7.184,63014.456
2020-05-12 15:48:00,8771.5,8779.0,8771.5,8773.5,11.082,97227.927
2020-05-12 15:49:00,8773.5,8773.5,8761.0,8761.5,0.689,6036.6735
2020-05-12 15:50:00,8761.5,8763.5,8761.5,8763.0,1.021,8947.023
2020-05-12 15:51:00,8763.0,8763.5,8755.0,8755.5,1.471,12879.3405
2020-05-12 15:52:00,8755.5,8755.5,8728.0,8748.0,94.6,827560.8
2020-05-12 15:53:00,8748.0,8748.0,8740.0,8741.5,20.006,174882.449
2020-05-12 15:54:00,8741.5,8750.0,8739.0,8748.0,36.867,322512.516
2020-05-12 15:55:00,8748.0,8773.0,8748.0,8764.5,23.96,209997.42
2020-05-12 15:56:00,8764.5,8764.5,8754.0,8758.5,2.452,21475.842
2020-05-12 15:57:00,8758.5,8765.5,8758.5,8762.0,0.052,455.624
2020-05-12 15:58:00,8762.0,8763.5,8758.5,8763.5,3.024,26500.824
2020-05-12 15:59:00,8763.5,8764.5,8763.5,8764.5,8.095,70948.6275
2020-05-12 16:00:00,8764.5,8771.5,8760.0,8768.0,56.709,497224.512
2020-05-12 16:01:00,8768.0,8784.0,8768.0,8784.0,2.638,23172.192
2020-05-12 16:02:00,8784.0,8784.0,8773.5,8773.5,0.003,26.3205
2020-05-12 16:03:00,8773.5,8775.5,8770.5,8770.5,5.918,51903.819
2020-05-12 16:04:00,8770.5,8771.0,8761.5,8761.5,2.36,20677.14
2020-05-12 16:05:00,8761.5,8764.0,8746.0,8746.5,24.655,215644.9575
2020-05-12 16:06:00,8746.5,8750.0,8746.5,8750.0,3.873,33888.75
2020-05-12 16:07:00,8750.0,8755.5,8750.0,8754.0,7.22,63203.88
2020-05-12 16:08:00,8754.0,8754.0,8749.0,8749.0,0.121,1058.629
2020-05-12 16:09:00,8749.0,8749.0,8744.0,8744.0,4.637,40545.928
2020-05-12 16:10:00,8744.0,8744.0,8737.5,8738.5,3.602,31476.077
2020-05-12 16:11:00,8738.5,8747.5,8738.5,8747.0,1.494,13068.018
2020-05-12 16:12:00,8747.0,8748.5,8747.0,8748.0,0.222,1942.056
2020-05-12 16:13:00,8748.0,8748.0,8743.0,8743.0,1.103,9643.529
2020-05-12 16:14:00,8743.0,8746.5,8743.0,8746.5,1.18,10320.87
2020-05-12 16:15:00,8746.5,8753.0,8746.5,8753.0,5.482,47983.946
2020-05-12 16:16:00,8753.0,8762.5,8753.0,8762.5,7.311,64062.6375
2020-05-12 16:17:00,8762.5,8766.0,8762.5,8766.0,4.185,36685.71
2020-05-12 16:18:00,8766.0,8766.0,8765.5,8766.0,0.645,5654.07
2020-05-12 16:19:00,8766.0,8770.0,8766.0,8770.0,4.013,35194.01
2020-05-12 16:20:00,8770.0,8772.0,8765.5,8765.5,3.758,32940.749
2020-05-12 16:21:00,8765.5,8766.0,8765.5,8766.0,1.134,9940.644
2020-05-12 16:22:00,8766.0,8766.0,8765.5,8765.5,4.331,37963.3805
2020-05-12 16:23:00,8765.5,8765.5,8758.5,8760.0,1.516,13280.16
2020-05-12 16:24:00,8760.0,8769.5,8760.0,8769.5,0.994,8716.883
2020-05-12 16:25:00,8769.5,8774.0,8769.5,8774.0,4.55,39921.7
2020-05-12 16:26:00,8774.0,8774.0,8774.0,8774.0,0.0,0.0
2020-05-12 16:27:00,8774.0,8774.0,8774.0,8774.0,0.348,3053.352
2020-05-12 16:28:00,8774.0,8782.5,8774.0,8775.0,1.373,12048.075
2020-05-12 16:29:00,8775.0,8775.0,8775.0,8775.0,0.0,0.0
2020-05-12 16:30:00,8775.0,8775.0,8775.0,8775.0,0.0,0.0
2020-05-12 16:31:00,8775.0,8782.5,8775.0,8782.5,4.288,37659.36
2020-05-12 16:32:00,8782.5,8782.5,8782.0,8782.5,1.467,12883.9275
2020-05-12 16:33:00,8782.5,8782.5,8771.5,8771.5,4.372,38348.998
2020-05-12 16:34:00,8771.5,8771.5,8771.0,8771.0,0.305,2675.155
2020-05-12 16:35:00,8771.0,8771.0,8766.5,8767.0,2.268,19883.556
2020-05-12 16:36:00,8767.0,8768.0,8762.5,8762.5,3.572,31299.65
2020-05-12 16:37:00,8762.5,8763.5,8760.0,8763.5,3.378,29603.103
2020-05-12 16:38:00,8763.5,8766.5,8763.0,8763.5,0.123,1077.9105
2020-05-12 16:39:00,8763.5,8764.5,8752.5,8757.0,6.695,58628.115
2020-05-12 16:40:00,8757.0,8764.0,8757.0,8764.0,0.311,2725.604
2020-05-12 16:41:00,8764.0,8770.0,8764.0,8769.5,4.489,39366.2855
2020-05-12 16:42:00,8769.5,8770.0,8765.5,8767.5,1.808,15851.64
2020-05-12 16:43:00,8767.5,8770.5,8767.5,8770.0,2.386,20925.22
2020-05-12 16:44:00,8770.0,8771.0,8768.0,8771.0,0.021,184.191
2020-05-12 16:45:00,8771.0,8771.0,8769.5,8770.0,1.285,11269.45
2020-05-12 16:46:00,8770.0,8771.5,8769.5,8771.5,2.051,17990.3465
2020-05-12 16:47:00,8771.5,8773.5,8771.5,8773.5,0.645,5658.9075
2020-05-12 16:48:00,8773.5,8773.5,8773.5,8773.5,0.11,965.085
2020-05-12 16:49:00,8773.5,8773.5,8769.0,8769.0,1.644,14416.236
2020-05-12 16:50:00,8769.0,8769.0,8752.5,8756.5,10.629,93072.8385
2020-05-12 16:51:00,8756.5,8756.5,8738.5,8742.0,16.815,146996.73
2020-05-12 16:52:00,8742.0,8747.0,8741.5,8747.0,5.075,44391.025
2020-05-12 16:53:00,8747.0,8749.0,8747.0,8749.0,1.445,12642.305
2020-05-12 16:54:00,8749.0,8754.0,8749.0,8750.5,1.624,14210.812
2020-05-12 16:55:00,8750.5,8750.5,8749.5,8749.5,1.024,8959.488
2020-05-12 16:56:00,8749.5,8749.5,8743.5,8743.5,0.981,8577.3735
2020-05-12 16:57:00,8743.5,8744.5,8739.5,8744.5,6.023,52668.1235
2020-05-12 16:58:00,8744.5,8746.5,8744.0,8746.5,1.463,12796.1295
2020-05-12 16:59:00,8746.5,8750.0,8746.5,8750.0,0.374,3272.5
2020-05-12 17:00:00,8750.0,8750.0,8749.5,8749.5,0.462,4042.269
2020-05-12 17:01:00,8749.5,8749.5,8747.5,8747.5,2.923,25568.9425
2020-05-12 17:02:00,8747.5,8747.5,8743.0,8743.0,20.203,176634.829
2020-05-12 17:03:00,8743.0,8743.0,8733.5,8737.0,3.168,27678.816
2020-05-12 17:04:00,8737.0,8739.0,8736.5,8737.0,27.14,237122.18
2020-05-12 17:05:00,8737.0,8737.0,8732.0,8732.0,2.334,20380.488
2020-05-12 17:06:00,8732.0,8732.0,8730.5,8732.0,0.003,26.196
2020-05-12 17:07:00,8732.0,8743.0,8732.0,8743.0,2.861,25013.723
2020-05-12 17:08:00,8743.0,8743.0,8742.5,8743.0,17.759,155266.937
2020-05-12 17:09:00,8743.0,8748.5,8742.5,8748.5,1.146,10025.781
2020-05-12 17:10:00,8748.5,8749.5,8746.0,8749.5,0.928,8119.536
2020-05-12 17:11:00,8749.5,8749.5,8749.5,8749.5,0.243,2126.1285
2020-05-12 17:12:00,8749.5,8750.0,8749.5,8750.0,0.1,875.0
2020-05-12 17:13:00,8750.0,8756.5,8747.5,8756.5,3.578,31330.757
2020-05-12 17:14:00,8756.5,8765.0,8756.5,8765.0,6.143,53843.395
2020-05-12 17:15:00,8765.0,8766.5,8761.0,8762.5,1.951,17095.6375
2020-05-12 17:16:00,8762.5,8763.0,8762.5,8763.0,0.049,429.387
2020-05-12 17:17:00,8763.0,8764.5,8763.0,8764.5,0.242,2121.009
2020-05-12 17:18:00,8764.5,8766.5,8764.5,8764.5,0.102,893.979
2020-05-12 17:19:00,8764.5,8764.5,8764.0,8764.0,0.025,219.1
2020-05-12 17:20:00,8764.0,8765.0,8764.0,8765.0,0.469,4110.785
2020-05-12 17:21:00,8765.0,8765.0,8764.0,8764.0,5.897,51681.308
2020-05-12 17:22:00,8764.0,8764.0,8753.0,8757.0,3.73,32663.61
2020-05-12 17:23:00,8757.0,8758.0,8757.0,8758.0,0.15,1313.7
2020-05-12 17:24:00,8758.0,8758.0,8758.0,8758.0,0.054,472.932
2020-05-12 17:25:00,8758.0,8759.0,8758.0,8759.0,2.605,22817.195
2020-05-12 17:26:00,8759.0,8778.5,8759.0,8778.5,13.774,120915.059
2020-05-12 17:27:00,8778.5,8778.5,8774.5,8777.5,2.044,17941.21
2020-05-12 17:28:00,8777.5,8798.0,8777.5,8797.0,12.139,106786.783
2020-05-12 17:29:00,8797.0,8810.0,8797.0,8800.0,22.759,200279.2
2020-05-12 17:30:00,8800.0,8817.5,8800.0,8807.5,49.195,433284.9625
2020-05-12 17:31:00,8807.5,8807.5,8791.0,8794.0,3.738,32871.972
2020-05-12 17:32:00,8794.0,8794.0,8780.0,8785.5,11.0,96640.5
2020-05-12 17:33:00,8785.5,8785.5,8780.0,8780.0,7.617,66877.26
2020-05-12 17:34:00,8780.0,8785.5,8778.0,8785.5,7.557,66392.0235
2020-05-12 17:35:00,8785.5,8789.5,8782.0,8782.0,9.013,79152.166
2020-05-12 17:36:00,8782.0,8782.0,8770.0,8770.5,6.767,59349.9735
2020-05-12 17:37:00,8770.5,8770.5,8766.5,8767.0,2.141,18770.147
2020-05-12 17:38:00,8767.0,8770.0,8766.0,8770.0,5.18,45428.6
2020-05-12 17:39:00,8770.0,8777.5,8770.0,8777.5,0.427,3747.9925
2020-05-12 17:40:00,8777.5,8779.5,8775.0,8775.0,2.529,22191.975
2020-05-12 17:41:00,8775.0,8775.0,8738.5,8738.5,22.585,197359.0225
2020-05-12 17:42:00,8738.5,8748.5,8738.5,8745.0,10.904,95355.48
2020-05-12 17:43:00,8745.0,8755.5,8745.0,8752.0,6.375,55794.0
2020-05-12 17:44:00,8752.0,8755.0,8752.0,8753.5,0.929,8132.0015
2020-05-12 17:45:00,8753.5,8753.5,8747.0,8750.5,6.082,53220.541
2020-05-12 17:46:00,8750.5,8763.5,8750.5,8755.0,9.416,82437.08
2020-05-12 17:47:00,8755.0,8762.0,8755.0,8760.5,1.582,13859.111
2020-05-12 17:48:00,8760.5,8760.5,8760.5,8760.5,0.617,5405.2285
2020-05-12 17:49:00,8760.5,8761.5,8760.5,8761.5,1.0,8761.5
2020-05-12 17:50:00,8761.5,8761.5,8755.0,8755.0,1.29,11293.95
2020-05-12 17:51:00,8755.0,8755.0,8746.0,8746.0,0.758,6629.468
2020-05-12 17:52:00,8746.0,8747.5,8746.0,8747.5,3.379,29557.8025
2020-05-12 17:53:00,8747.5,8748.5,8747.5,8748.5,0.039,341.1915
2020-05-12 17:54:00,8748.5,8751.5,8748.5,8751.5,0.639,5592.2085
2020-05-12 17:55:00,8751.5,8758.0,8751.0,8758.0,0.635,5561.33
2020-05-12 17:56:00,8758.0,8762.5,8757.5,8762.5,1.09,9551.125
2020-05-12 17:57:00,8762.5,8763.0,8762.5,8763.0,5.205,45611.415
2020-05-12 17:58:00,8763.0,8763.0,8755.0,8755.5,3.212,28122.666
2020-05-12 17:59:00,8755.5,8755.5,8746.5,8749.5,0.218,1907.391
2020-05-12 18:00:00,8749.5,8750.5,8749.5,8750.0,2.245,19643.75
2020-05-12 18:01:00,8750.0,8751.5,8750.0,8751.5,0.018,157.527
2020-05-12 18:02:00,8751.5,8756.0,8751.5,8756.0,0.025,218.9
2020-05-12 18:03:00,8756.0,8759.0,8756.0,8759.0,0.502,4397.018
2020-05-12 18:04:00,8759.0,8766.0,8759.0,8766.0,0.363,3182.058
2020-05-12 18:05:00,8766.0,8766.0,8766.0,8766.0,0.0,0.0
2020-05-12 18:06:00,8766.0,8770.0,8765.0,8765.0,2.825,24761.125
2020-05-12 18:07:00,8765.0,8768.5,8765.0,8768.5,0.934,8189.779
2020-05-12 18:08:00,8768.5,8768.5,8763.5,8763.5,0.016,140.216
2020-05-12 18:09:00,8763.5,8763.5,8759.5,8763.0,2.082,18244.566
2020-05-12 18:10:00,8763.0,8763.0,8763.0,8763.0,1.202,10533.126
2020-05-12 18:11:00,8763.0,8763.0,8758.0,8758.0,3.048,26694.384
2020-05-12 18:12:00,8758.0,8758.0,8758.0,8758.0,0.027,236.466
2020-05-12 18:13:00,8758.0,8758.5,8757.5,8757.5,2.448,21438.36
2020-05-12 18:14:00,8757.5,8757.5,8757.5,8757.5,0.107,937.0525
2020-05-12 18:15:00,8757.5,8758.5,8751.0,8751.0,4.199,36745.449
2020-05-12 18:16:00,8751.0,8755.5,8751.0,8755.5,1.0,8755.5
2020-05-12 18:17:00,8755.5,8755.5,8753.5,8753.5,0.064,560.224
2020-05-12 18:18:00,8753.5,8753.5,8746.0,8746.0,0.296,2588.816
2020-05-12 18:19:00,8746.0,8746.5,8746.0,8746.5,3.029,26493.1485
2020-05-12 18:20:00,8746.5,8752.5,8746.5,8752.5,2.902,25399.755
2020-05-12 18:21:00,8752.5,8764.0,8752.5,8764.0,2.208,19350.912
2020-05-12 18:22:00,8764.0,8764.5,8764.0,8764.5,1.02,8939.79
2020-05-12 18:23:00,8764.5,8764.5,8764.5,8764.5,0.611,5355.1095
2020-05-12 18:24:00,8764.5,8764.5,8764.5,8764.5,0.0,0.0
2020-05-12 18:25:00,8764.5,8767.5,8764.5,8767.5,0.34,2980.95
2020-05-12 18:26:00,8767.5,8771.0,8767.5,8770.5,3.075,26969.2875
2020-05-12 18:27:00,8770.5,8773.5,8770.0,8773.5,2.878,25250.133
2020-05-12 18:28:00,8773.5,8774.0,8773.5,8774.0,0.875,7677.25
2020-05-12 18:29:00,8774.0,8774.0,8762.0,8764.0,3.611,31646.804
2020-05-12 18:30:00,8764.0,8779.0,8764.0,8772.0,1.345,11798.34
2020-05-12 18:31:00,8772.0,8772.0,8769.0,8769.0,3.023,26508.687
2020-05-12 18:32:00,8769.0,8769.0,8766.5,8768.5,1.228,10767.718
2020-05-12 18:33:00,8768.5,8768.5,8768.0,8768.0,0.013,113.984
2020-05-12 18:34:00,8768.0,8768.5,8768.0,8768.5,0.09,789.165
2020-05-12 18:35:00,8768.5,8768.5,8762.0,8766.0,0.105,920.43
2020-05-12 18:36:00,8766.0,8766.0,8754.5,8754.5,2.84,24862.78
2020-05-12 18:37:00,8754.5,8754.5,8754.5,8754.5,0.007,61.2815
2020-05-12 18:38:00,8754.5,8756.5,8754.5,8756.5,0.118,1033.267
2020-05-12 18:39:00,8756.5,8756.5,8755.0,8755.0,0.004,35.02
2020-05-12 18:40:00,8755.0,8756.5,8752.0,8755.0,2.6,22763.0
2020-05-12 18:41:00,8755.0,8755.0,8748.5,8748.5,0.671,5870.2435
2020-05-12 18:42:00,8748.5,8748.5,8684.0,8684.0,80.782,701510.888
2020-05-12 18:43:00,8684.0,8699.0,8660.5,8663.0,143.631,1244275.353
2020-05-12 18:44:00,8663.0,8698.0,8661.0,8675.5,28.467,246965.4585
2020-05-12 18:45:00,8675.5,8696.5,8675.5,8693.0,7.404,64362.972
2020-05-12 18:46:00,8693.0,8710.0,8693.0,8700.0,60.741,528446.7
2020-05-12 18:47:00,8700.0,8706.5,8700.0,8702.5,0.997,8676.3925
2020-05-12 18:48:00,8702.5,8713.0,8702.0,8712.5,4.839,42159.7875
2020-05-12 18:49:00,8712.5,8717.0,8712.5,8714.0,9.487,82669.718
2020-05-12 18:50:00,8714.0,8714.0,8703.0,8706.0,50.545,440044.77
2020-05-12 18:51:00,8706.0,8725.0,8706.0,8720.5,25.61,223332.005
2020-05-12 18:52:00,8720.5,8720.5,8713.5,8715.5,5.027,43812.8185
2020-05-12 18:53:00,8715.5,8720.0,8715.5,8716.5,1.735,15123.1275
2020-05-12 18:54:00,8716.5,8716.5,8705.0,8708.5,5.923,51580.4455
2020-05-12 18:55:00,8708.5,8729.0,8708.0,8727.0,11.432,99767.064
2020-05-12 18:56:00,8727.0,8738.0,8727.0,8732.5,12.189,106440.4425
2020-05-12 18:57:00,8732.5,8737.0,8732.0,8733.5,1.617,14122.0695
2020-05-12 18:58:00,8733.5,8740.0,8733.5,8737.0,1.658,14485.946
2020-05-12 18:59:00,8737.0,8737.5,8731.0,8737.5,3.754,32800.575
2020-05-12 19:00:00,8737.5,8750.0,8731.0,8733.5,17.642,154076.407
2020-05-12 19:01:00,8733.5,8737.5,8722.5,8737.5,5.24,45784.5
2020-05-12 19:02:00,8737.5,8737.5,8726.5,8729.0,7.716,67352.964
2020-05-12 19:03:00,8729.0,8731.5,8728.5,8728.5,1.976,17247.516
2020-05-12 19:04:00,8728.5,8730.0,8727.5,8727.5,6.323,55183.9825
2020-05-12 19:05:00,8727.5,8727.5,8719.5,8719.5,2.628,22914.846
2020-05-12 19:06:00,8719.5,8727.5,8719.5,8727.5,0.262,2286.605
2020-05-12 19:07:00,8727.5,8727.5,8727.0,8727.0,0.004,34.908
2020-05-12 19:08:00,8727.0,8736.5,8727.0,8736.5,9.398,82105.627
2020-05-12 19:09:00,8736.5,8736.5,8736.0,8736.0,1.784,15585.024
2020-05-12 19:10:00,8736.0,8744.0,8736.0,8737.5,3.127,27322.1625
2020-05-12 19:11:00,8737.5,8743.0,8737.0,8742.0,10.659,93180.978
2020-05-12 19:12:00,8742.0,8750.0,8742.0,8743.0,1.547,13525.421
2020-05-12 19:13:00,8743.0,8743.0,8742.0,8742.0,0.802,7011.084
2020-05-12 19:14:00,8742.0,8744.5,8742.0,8744.5,7.165,62654.3425
2020-05-12 19:15:00,8744.5,8744.5,8739.0,8739.0,1.045,9132.255
2020-05-12 19:16:00,8739.0,8739.5,8738.0,8738.0,2.014,17598.332
2020-05-12 19:17:00,8738.0,8738.0,8736.5,8736.5,2.468,21561.682
2020-05-12 19:18:00,8736.5,8736.5,8733.0,8733.0,5.554,48503.082
2020-05-12 19:19:00,8733.0,8739.5,8733.0,8734.5,2.121,18525.8745
2020-05-12 19:20:00,8734.5,8734.5,8734.0,8734.0,1.658,14480.972
2020-05-12 19:21:00,8734.0,8734.5,8721.5,8721.5,4.941,43092.9315
2020-05-12 19:22:00,8721.5,8723.0,8719.0,8719.0,2.838,24744.522
2020-05-12 19:23:00,8719.0,8723.5,8715.0,8723.0,4.807,41931.461
2020-05-12 19:24:00,8723.0,8723.5,8723.0,8723.5,0.6,5234.1
2020-05-12 19:25:00,8723.5,8737.0,8723.5,8737.0,3.165,27652.605
2020-05-12 19:26:00,8737.0,8741.0,8737.0,8739.5,0.876,7655.802
2020-05-12 19:27:00,8739.5,8739.5,8738.0,8738.0,1.6,13980.8
2020-05-12 19:28:00,8738.0,8738.0,8737.0,8737.0,2.086,18225.382
2020-05-12 19:29:00,8737.0,8737.0,8730.5,8730.5,3.542,30923.431
2020-05-12 19:30:00,8730.5,8761.0,8730.5,8761.0,19.615,171847.015
2020-05-12 19:31:00,8761.0,8761.0,8755.0,8755.0,5.462,47819.81
2020-05-12 19:32:00,8755.0,8781.5,8755.0,8781.5,33.904,297727.976
2020-05-12 19:33:00,8781.5,8785.5,8772.0,8780.0,47.751,419253.78
2020-05-12 19:34:00,8780.0,8784.5,8780.0,8784.0,12.952,113770.368
2020-05-12 19:35:00,8784.0,8784.0,8775.5,8776.0,3.36,29487.36
2020-05-12 19:36:00,8776.0,8797.5,8773.5,8794.5,25.76,226546.32
2020-05-12 19:37:00,8794.5,8794.5,8774.0,8778.0,56.569,496562.682
2020-05-12 19:38:00,8778.0,8785.0,8774.0,8778.5,10.933,95975.3405
2020-05-12 19:39:00,8778.5,8778.5,8775.5,8776.0,1.977,17350.152
2020-05-12 19:40:00,8776.0,8776.0,8769.0,8774.0,4.451,39053.074
2020-05-12 19:41:00,8774.0,8784.0,8771.5,8784.0,2.86,25122.24
2020-05-12 19:42:00,8784.0,8793.0,8780.0,8780.0,19.228,168821.84
2020-05-12 19:43:00,8780.0,8783.0,8776.0,8776.0,2.007,17613.432
2020-05-12 19:44:00,8776.0,8784.5,8776.0,8783.0,2.177,19120.591
2020-05-12 19:45:00,8783.0,8783.0,8782.5,8782.5,4.256,37378.32
2020-05-12 19:46:00,8782.5,8876.5,8780.0,8868.0,304.94,2704207.92
2020-05-12 19:47:00,8868.0,8871.0,8850.5,8852.0,65.697,581549.844
2020-05-12 19:48:00,8852.0,8859.5,8822.0,8825.0,73.838,651620.35
2020-05-12 19:49:00,8825.0,8848.5,8825.0,8838.5,17.922,158403.597
2020-05-12 19:50:00,8838.5,8856.5,8833.0,8851.5,69.224,612736.236
2020-05-12 19:51:00,8851.5,8869.0,8847.0,8867.0,44.697,396328.299
2020-05-12 19:52:00,8867.0,8874.5,8860.5,8860.5,24.091,213458.3055
2020-05-12 19:53:00,8860.5,8865.5,8856.5,8857.0,12.666,112182.762
2020-05-12 19:54:00,8857.0,8869.5,8848.5,8869.5,26.554,235520.703
2020-05-12 19:55:00,8869.5,8869.5,8858.0,8858.5,23.478,207979.863
2020-05-12 19:56:00,8858.5,8863.0,8858.5,8863.0,1.853,16423.139
2020-05-12 19:57:00,8863.0,8863.0,8861.5,8863.0,0.945,8375.535
2020-05-12 19:58:00,8863.0,8873.5,8857.0,8873.5,8.223,72966.7905
2020-05-12 19:59:00,8873.5,8907.0,8873.5,8906.5,105.974,943857.431
2020-05-12 20:00:00,8906.5,8907.0,8880.0,8889.5,31.95,284019.525
2020-05-12 20:01:00,8889.5,8889.5,8874.0,8880.0,16.6,147408.0
2020-05-12 20:02:00,8880.0,8887.5,8878.0,8878.0,1.484,13174.952
2020-05-12 20:03:00,8878.0,8887.5,8874.5,8878.5,25.0,221962.5
2020-05-12 20:04:00,8878.5,8884.5,8878.5,8884.0,2.47,21943.48
2020-05-12 20:05:00,8884.0,8884.0,8883.5,8883.5,3.606,32033.901
2020-05-12 20:06:00,8883.5,8896.0,8883.5,8896.0,10.121,90036.416
2020-05-12 20:07:00,8896.0,8897.0,8890.5,8891.0,14.677,130493.207
2020-05-12 20:08:00,8891.0,8891.0,8851.0,8859.5,40.496,358774.312
2020-05-12 20:09:00,8859.5,8859.5,8838.0,8847.5,87.172,771254.27
2020-05-12 20:10:00,8847.5,8864.0,8847.5,8859.5,17.919,158753.3805
2020-05-12 20:11:00,8859.5,8861.5,8855.5,8855.5,5.348,47359.214
2020-05-12 20:12:00,8855.5,8860.0,8848.5,8860.0,14.978,132705.08
2020-05-12 20:13:00,8860.0,8863.0,8856.0,8856.0,1.585,14036.76
2020-05-12 20:14:00,8856.0,8857.5,8854.0,8854.5,4.396,38924.382
2020-05-12 20:15:00,8854.5,8868.5,8854.5,8868.5,5.598,49645.863
2020-05-12 20:16:00,8868.5,8869.5,8868.0,8869.5,0.852,7556.814
2020-05-12 20:17:00,8869.5,8878.5,8869.5,8878.5,3.115,27656.5275
2020-05-12 20:18:00,8878.5,8878.5,8872.5,8872.5,4.707,41762.8575
2020-05-12 20:19:00,8872.5,8872.5,8864.5,8864.5,2.63,23313.635
2020-05-12 20:20:00,8864.5,8865.0,8862.0,8862.0,3.2,28358.4
2020-05-12 20:21:00,8862.0,8866.0,8860.5,8866.0,1.605,14229.93
2020-05-12 20:22:00,8866.0,8877.0,8866.0,8870.0,6.386,56643.82
2020-05-12 20:23:00,8870.0,8890.0,8870.0,8888.5,7.376,65561.576
2020-05-12 20:24:00,8888.5,8888.5,8880.5,8881.0,1.091,9689.171
2020-05-12 20:25:00,8881.0,8884.0,8880.0,8880.0,10.237,90904.56
2020-05-12 20:26:00,8880.0,8880.0,8880.0,8880.0,3.317,29454.96
2020-05-12 20:27:00,8880.0,8880.0,8867.0,8869.0,4.62,40974.78
2020-05-12 20:28:00,8869.0,8877.0,8869.0,8877.0,0.599,5317.323
2020-05-12 20:29:00,8877.0,8881.5,8877.0,8881.5,2.493,22141.5795
2020-05-12 20:30:00,8881.5,8898.0,8881.5,8895.5,10.453,92984.6615
2020-05-12 20:31:00,8895.5,8910.0,8895.5,8905.5,33.752,300578.436
2020-05-12 20:32:00,8905.5,8905.5,8899.5,8901.5,10.82,96314.23
2020-05-12 20:33:00,8901.5,8901.5,8881.0,8881.0,14.135,125532.935
2020-05-12 20:34:00,8881.0,8881.0,8865.0,8867.5,25.068,222290.49
2020-05-12 20:35:00,8867.5,8876.0,8867.5,8875.5,7.376,65465.688
2020-05-12 20:36:00,8875.5,8876.0,8868.0,8868.0,3.852,34159.536
2020-05-12 20:37:00,8868.0,8871.0,8866.0,8870.5,1.761,15620.9505
2020-05-12 20:38:00,8870.5,8876.0,8870.5,8876.0,5.079,45081.204
2020-05-12 20:39:00,8876.0,8879.0,8872.0,8879.0,0.892,7920.068
2020-05-12 20:40:00,8879.0,8888.5,8879.0,8886.0,5.136,45638.496
2020-05-12 20:41:00,8886.0,8924.5,8886.0,8924.0,56.292,502349.808
2020-05-12 20:42:00,8924.0,8933.0,8917.0,8926.5,20.174,180083.211
2020-05-12 20:43:00,8926.5,8926.5,8912.0,8912.0,13.789,122887.568
2020-05-12 20:44:00,8912.0,8916.0,8902.0,8910.5,19.322,172168.681
2020-05-12 20:45:00,8910.5,8916.5,8910.0,8916.5,0.861,7677.1065
2020-05-12 20:46:00,8916.5,8923.0,8916.5,8923.0,0.928,8280.544
2020-05-12 20:47:00,8923.0,8925.5,8915.0,8919.0,12.082,107759.358
2020-05-12 20:48:00,8919.0,8937.0,8919.0,8931.5,7.016,62663.404
2020-05-12 20:49:00,8931.5,8931.5,8904.0,8904.5,23.482,209095.469
2020-05-12 20:50:00,8904.5,8917.5,8893.0,8900.0,26.834,238822.6
2020-05-12 20:51:00,8900.0,8900.0,8881.0,8886.5,22.251,197733.5115
2020-05-12 20:52:00,8886.5,8891.0,8883.0,8891.0,10.478,93159.898
2020-05-12 20:53:00,8891.0,8891.0,8877.5,8882.0,25.197,223799.754
2020-05-12 20:54:00,8882.0,8887.5,8882.0,8887.5,0.819,7278.8625
2020-05-12 20:55:00,8887.5,8897.0,8887.5,8897.0,8.235,73266.795
2020-05-12 20:56:00,8897.0,8899.0,8896.5,8896.5,1.964,17472.726
2020-05-12 20:57:00,8896.5,8900.0,8893.0,8893.0,0.554,4926.722
2020-05-12 20:58:00,8893.0,8894.5,8893.0,8894.5,0.069,613.7205
2020-05-12 20:59:00,8894.5,8897.0,8894.5,8897.0,0.37,3291.89
2020-05-12 21:00:00,8897.0,8899.0,8894.5,8894.5,1.75,15565.375
2020-05-12 21:01:00,8894.5,8894.5,8863.0,8871.5,23.044,204434.846
2020-05-12 21:02:00,8871.5,8871.5,8854.0,8861.0,5.602,49639.322
2020-05-12 21:03:00,8861.0,8866.0,8858.5,8866.0,4.449,39444.834
2020-05-12 21:04:00,8866.0,8867.0,8857.0,8859.5,3.82,33843.29
2020-05-12 21:05:00,8859.5,8867.5,8859.5,8867.5,9.382,83194.885
2020-05-12 21:06:00,8867.5,8867.5,8860.5,8860.5,1.944,17224.812
2020-05-12 21:07:00,8860.5,8870.0,8860.5,8870.0,2.705,23993.35
2020-05-12 21:08:00,8870.0,8870.0,8862.0,8863.0,1.704,15102.552
2020-05-12 21:09:00,8863.0,8872.0,8863.0,8871.5,0.419,3717.1585
2020-05-12 21:10:00,8871.5,8883.5,8871.5,8877.0,100.065,888277.005
2020-05-12 21:11:00,8877.0,8877.5,8864.5,8865.5,102.638,909937.189
2020-05-12 21:12:00,8865.5,8865.5,8865.5,8865.5,1.024,9078.272
2020-05-12 21:13:00,8865.5,8869.5,8865.5,8866.5,0.509,4513.0485
2020-05-12 21:14:00,8866.5,8882.0,8866.5,8882.0,1.902,16893.564
2020-05-12 21:15:00,8882.0,8894.0,8882.0,8894.0,14.467,128669.498
2020-05-12 21:16:00,8894.0,8894.0,8890.5,8892.0,1.001,8900.892
2020-05-12 21:17:00,8892.0,8892.0,8887.0,8887.0,1.955,17374.085
2020-05-12 21:18:00,8887.0,8888.0,8880.0,8887.0,1.39,12352.93
2020-05-12 21:19:00,8887.0,8887.5,8884.0,8885.5,0.841,7472.7055
2020-05-12 21:20:00,8885.5,8889.0,8885.5,8889.0,1.54,13689.06
2020-05-12 21:21:00,8889.0,8890.0,8889.0,8890.0,0.01,88.9
2020-05-12 21:22:00,8890.0,8891.5,8890.0,8891.5,5.604,49827.966
2020-05-12 21:23:00,8891.5,8903.0,8891.5,8899.5,4.399,39148.9005
2020-05-12 21:24:00,8899.5,8899.5,8891.5,8892.0,1.548,13764.816
2020-05-12 21:25:00,8892.0,8894.5,8891.5,8894.5,0.369,3282.0705
2020-05-12 21:26:00,8894.5,8899.0,8873.5,8876.5,22.764,202064.646
2020-05-12 21:27:00,8876.5,8881.5,8876.5,8881.5,9.587,85146.9405
2020-05-12 21:28:00,8881.5,8881.5,8870.0,8870.0,9.884,87671.08
2020-05-12 21:29:00,8870.0,8870.5,8866.5,8870.0,4.429,39285.23
2020-05-12 21:30:00,8870.0,8905.5,8869.0,8905.5,55.732,496321.326
2020-05-12 21:31:00,8905.5,8923.0,8905.0,8907.0,48.89,435463.23
2020-05-12 21:32:00,8907.0,8910.0,8905.0,8905.0,6.612,58879.86
2020-05-12 21:33:00,8905.0,8905.0,8894.5,8895.5,0.205,1823.5775
2020-05-12 21:34:00,8895.5,8896.5,8894.5,8894.5,1.065,9472.6425
2020-05-12 21:35:00,8894.5,8894.5,8883.5,8884.0,4.492,39906.928
2020-05-12 21:36:00,8884.0,8891.5,8884.0,8891.5,0.721,6410.7715
2020-05-12 21:37:00,8891.5,8891.5,8885.5,8885.5,0.098,870.779
2020-05-12 21:38:00,8885.5,8895.5,8885.5,8895.5,6.346,56450.843
2020-05-12 21:39:00,8895.5,8904.0,8895.5,8901.0,1.491,13271.391
2020-05-12 21:40:00,8901.0,8901.0,8898.0,8898.0,1.154,10268.292
2020-05-12 21:41:00,8898.0,8911.0,8898.0,8909.0,3.249,28945.341
2020-05-12 21:42:00,8909.0,8910.0,8907.0,8909.5,2.095,18665.4025
2020-05-12 21:43:00,8909.5,8913.5,8909.5,8912.0,0.538,4794.656
2020-05-12 21:44:00,8912.0,8913.5,8909.5,8912.0,2.858,25470.496
2020-05-12 21:45:00,8912.0,8913.0,8906.5,8906.5,1.331,11854.5515
2020-05-12 21:46:00,8906.5,8907.0,8901.5,8907.0,2.953,26302.371
2020-05-12 21:47:00,8907.0,8913.5,8907.0,8913.0,1.819,16212.747
2020-05-12 21:48:00,8913.0,8918.0,8908.0,8917.5,3.471,30952.6425
2020-05-12 21:49:00,8917.5,8935.0,8917.5,8935.0,16.315,145774.525
2020-05-12 21:50:00,8935.0,8935.5,8924.5,8925.5,8.34,74438.67
2020-05-12 21:51:00,8925.5,8931.0,8925.5,8927.0,4.632,41349.864
2020-05-12 21:52:00,8927.0,8934.0,8924.5,8934.0,3.137,28025.958
2020-05-12 21:53:00,8934.0,8934.5,8930.0,8930.0,3.96,35362.8
2020-05-12 21:54:00,8930.0,8933.5,8930.0,8933.0,1.529,13658.557
2020-05-12 21:55:00,8933.0,8947.0,8931.5,8944.5,16.198,144883.011
2020-05-12 21:56:00,8944.5,8949.5,8926.0,8936.0,24.405,218083.08
2020-05-12 21:57:00,8936.0,8937.0,8936.0,8937.0,1.882,16819.434
2020-05-12 21:58:00,8937.0,8937.0,8917.0,8930.0,14.155,126404.15
2020-05-12 21:59:00,8930.0,8930.0,8927.0,8927.0,3.996,35672.292
2020-05-12 22:00:00,8927.0,8933.0,8924.5,8924.5,3.712,33127.744
2020-05-12 22:01:00,8924.5,8924.5,8915.0,8915.0,58.345,520145.675
2020-05-12 22:02:00,8915.0,8919.0,8906.5,8909.5,221.53,1973721.535
2020-05-12 22:03:00,8909.5,8912.5,8909.5,8912.5,5.364,47806.65
2020-05-12 22:04:00,8912.5,8927.0,8912.5,8926.5,10.489,93630.0585
2020-05-12 22:05:00,8926.5,8926.5,8918.5,8923.5,2.499,22299.8265
2020-05-12 22:06:00,8923.5,8923.5,8923.0,8923.5,0.119,1061.8965
2020-05-12 22:07:00,8923.5,8923.5,8923.0,8923.0,1.503,13411.269
2020-05-12 22:08:00,8923.0,8923.0,8904.5,8904.5,9.225,82144.0125
2020-05-12 22:09:00,8904.5,8904.5,8899.5,8899.5,2.522,22444.539
2020-05-12 22:10:00,8899.5,8903.5,8890.0,8902.0,33.556,298715.512
2020-05-12 22:11:00,8902.0,8907.5,8902.0,8905.0,7.01,62424.05
2020-05-12 22:12:00,8905.0,8910.0,8897.5,8897.5,19.136,170262.56
2020-05-12 22:13:00,8897.5,8902.5,8897.5,8902.5,0.376,3347.34
2020-05-12 22:14:00,8902.5,8902.5,8900.0,8901.5,1.368,12177.252
2020-05-12 22:15:00,8901.5,8916.0,8901.5,8910.5,31.816,283496.468
2020-05-12 22:16:00,8910.5,8912.5,8910.0,8912.5,10.24,91264.0
2020-05-12 22:17:00,8912.5,8915.5,8912.5,8915.5,0.114,1016.367
2020-05-12 22:18:00,8915.5,8915.5,8910.5,8911.0,2.43,21653.73
2020-05-12 22:19:00,8911.0,8911.0,8906.0,8906.0,1.073,9556.138
2020-05-12 22:20:00,8906.0,8906.0,8904.0,8904.0,0.213,1896.552
2020-05-12 22:21:00,8904.0,8904.0,8903.0,8904.0,1.18,10506.72
2020-05-12 22:22:00,8904.0,8911.0,8904.0,8911.0,1.206,10746.666
2020-05-12 22:23:00,8911.0,8914.5,8911.0,8911.5,1.024,9125.376
2020-05-12 22:24:00,8911.5,8912.0,8911.5,8912.0,0.614,5471.968
2020-05-12 22:25:00,8912.0,8919.0,8911.5,8919.0,5.125,45709.875
2020-05-12 22:26:00,8919.0,8920.0,8919.0,8920.0,0.573,5111.16
2020-05-12 22:27:00,8920.0,8922.0,8920.0,8921.5,3.138,27995.667
2020-05-12 22:28:00,8921.5,8921.5,8917.0,8917.0,9.607,85665.619
2020-05-12 22:29:00,8917.0,8921.0,8917.0,8919.5,0.183,1632.2685
2020-05-12 22:30:00,8919.5,8923.0,8919.5,8921.5,0.844,7529.746
2020-05-12 22:31:00,8921.5,8923.0,8921.5,8923.0,1.028,9172.844
2020-05-12 22:32:00,8923.0,8923.5,8923.0,8923.0,0.25,2230.75
2020-05-12 22:33:00,8923.0,8923.5,8923.0,8923.5,0.119,1061.8965
2020-05-12 22:34:00,8923.5,8923.5,8919.5,8919.5,2.431,21683.3045
2020-05-12 22:35:00,8919.5,8919.5,8919.0,8919.0,5.602,49964.238
2020-05-12 22:36:00,8919.0,8919.5,8919.0,8919.0,0.376,3353.544
2020-05-12 22:37:00,8919.0,8919.0,8910.0,8910.0,11.864,105708.24
2020-05-12 22:38:00,8910.0,8913.5,8909.0,8913.0,0.368,3279.984
2020-05-12 22:39:00,8913.0,8933.5,8912.0,8933.5,12.37,110507.395
2020-05-12 22:40:00,8933.5,8967.5,8933.5,8961.0,60.577,542830.497
2020-05-12 22:41:00,8961.0,8973.0,8959.0,8959.0,50.756,454723.004
2020-05-12 22:42:00,8959.0,8964.0,8950.0,8950.0,17.392,155658.4
2020-05-12 22:43:00,8950.0,8959.0,8950.0,8959.0,3.922,35137.198
2020-05-12 22:44:00,8959.0,8962.5,8958.5,8959.5,5.941,53228.3895
2020-05-12 22:45:00,8959.5,8960.0,8945.5,8945.5,4.657,41659.1935
2020-05-12 22:46:00,8945.5,8955.0,8944.5,8944.5,10.874,97262.493
2020-05-12 22:47:00,8944.5,8946.0,8944.0,8946.0,2.433,21765.618
2020-05-12 22:48:00,8946.0,8946.0,8943.0,8943.0,0.097,867.471
2020-05-12 22:49:00,8943.0,8944.0,8941.0,8944.0,2.211,19775.184
2020-05-12 22:50:00,8944.0,8956.0,8944.0,8956.0,4.457,39916.892
2020-05-12 22:51:00,8956.0,8956.0,8946.0,8946.0,1.944,17391.024
2020-05-12 22:52:00,8946.0,8948.0,8945.5,8948.0,3.059,27371.932
2020-05-12 22:53:00,8948.0,8948.0,8943.0,8943.5,1.668,14917.758
2020-05-12 22:54:00,8943.5,8943.5,8927.5,8927.5,10.863,96979.4325
2020-05-12 22:55:00,8927.5,8936.5,8927.5,8936.0,1.165,10410.44
2020-05-12 22:56:00,8936.0,8936.0,8930.5,8931.0,1.134,10127.754
2020-05-12 22:57:00,8931.0,8931.0,8923.0,8923.5,6.469,57726.1215
2020-05-12 22:58:00,8923.5,8924.5,8923.5,8924.5,0.28,2498.86
2020-05-12 22:59:00,8924.5,8937.5,8924.5,8937.5,6.425,57423.4375
2020-05-12 23:00:00,8937.5,8937.5,8936.5,8937.0,0.129,1152.873
2020-05-12 23:01:00,8937.0,8937.5,8937.0,8937.5,0.026,232.375
2020-05-12 23:02:00,8937.5,8937.5,8930.5,8932.5,1.681,15015.5325
2020-05-12 23:03:00,8932.5,8932.5,8922.0,8922.5,5.985,53401.1625
2020-05-12 23:04:00,8922.5,8922.5,8874.0,8884.0,101.825,904613.3
2020-05-12 23:05:00,8884.0,8899.0,8881.0,8895.0,15.234,135506.43
2020-05-12 23:06:00,8895.0,8899.0,8894.5,8898.0,13.879,123495.342
2020-05-12 23:07:00,8898.0,8898.0,8888.0,8892.5,5.127,45591.8475
2020-05-12 23:08:00,8892.5,8899.5,8891.5,8891.5,4.637,41229.8855
2020-05-12 23:09:00,8891.5,8895.0,8891.5,8894.5,11.098,98711.161
2020-05-12 23:10:00,8894.5,8899.5,8894.5,8899.5,4.032,35882.784
2020-05-12 23:11:00,8899.5,8904.5,8899.5,8901.5,9.612,85561.218
2020-05-12 23:12:00,8901.5,8905.0,8901.5,8905.0,1.05,9350.25
2020-05-12 23:13:00,8905.0,8906.5,8900.0,8900.0,37.739,335877.1
2020-05-12 23:14:00,8900.0,8900.0,8895.0,8898.0,8.228,73212.744
2020-05-12 23:15:00,8898.0,8898.0,8895.0,8897.0,7.074,62937.378
2020-05-12 23:16:00,8897.0,8897.0,8896.5,8897.0,0.177,1574.769
2020-05-12 23:17:00,8897.0,8897.0,8896.5,8896.5,1.227,10916.0055
2020-05-12 23:18:00,8896.5,8896.5,8844.5,8844.5,70.016,619256.512
2020-05-12 23:19:00,8844.5,8852.5,8832.5,8847.0,114.356,1011707.532
2020-05-12 23:20:00,8847.0,8864.0,8842.5,8859.5,58.62,519343.89
2020-05-12 23:21:00,8859.5,8876.5,8859.5,8860.0,59.069,523351.34
2020-05-12 23:22:00,8860.0,8863.0,8853.0,8861.0,15.444,136849.284
2020-05-12 23:23:00,8861.0,8872.0,8861.0,8871.5,40.873,362604.8195
2020-05-12 23:24:00,8871.5,8874.5,8867.0,8867.0,3.154,27966.518
2020-05-12 23:25:00,8867.0,8874.0,8867.0,8874.0,1.164,10329.336
2020-05-12 23:26:00,8874.0,8874.5,8871.5,8871.5,16.266,144303.819
2020-05-12 23:27:00,8871.5,8871.5,8862.0,8871.0,10.155,90085.005
2020-05-12 23:28:00,8871.0,8871.0,8865.0,8869.5,2.345,20798.9775
2020-05-12 23:29:00,8869.5,8872.5,8867.5,8872.5,0.652,5784.87
2020-05-12 23:30:00,8872.5,8872.5,8855.0,8857.5,6.227,55155.6525
2020-05-12 23:31:00,8857.5,8859.0,8857.5,8859.0,0.669,5926.671
2020-05-12 23:32:00,8859.0,8861.5,8859.0,8860.5,1.059,9383.2695
2020-05-12 23:33:00,8860.5,8860.5,8856.0,8856.0,5.251,46502.856
2020-05-12 23:34:00,8856.0,8860.0,8855.5,8856.5,47.778,423145.857
2020-05-12 23:35:00,8856.5,8856.5,8845.0,8852.0,23.288,206145.376
2020-05-12 23:36:00,8852.0,8852.0,8851.5,8851.5,10.005,88559.2575
2020-05-12 23:37:00,8851.5,8857.0,8849.0,8857.0,0.394,3489.658
2020-05-12 23:38:00,8857.0,8857.0,8852.5,8852.5,9.553,84567.9325
2020-05-12 23:39:00,8852.5,8852.5,8845.0,8845.5,3.205,28349.8275
2020-05-12 23:40:00,8845.5,8845.5,8835.0,8845.5,33.729,298349.8695
2020-05-12 23:41:00,8845.5,8849.5,8845.5,8849.5,7.242,64088.079
2020-05-12 23:42:00,8849.5,8859.0,8849.5,8854.5,1.492,13210.914
2020-05-12 23:43:00,8854.5,8858.5,8854.5,8858.0,12.569,111336.202
2020-05-12 23:44:00,8858.0,8860.0,8855.0,8857.5,2.551,22595.4825
2020-05-12 23:45:00,8857.5,8857.5,8854.5,8857.5,0.798,7068.285
2020-05-12 23:46:00,8857.5,8857.5,8854.5,8854.5,1.672,14804.724
2020-05-12 23:47:00,8854.5,8855.0,8854.5,8855.0,0.058,513.59
2020-05-12 23:48:00,8855.0,8867.5,8855.0,8867.5,4.843,42945.3025
2020-05-12 23:49:00,8867.5,8883.0,8867.5,8877.0,11.899,105627.423
2020-05-12 23:50:00,8877.0,8880.5,8876.5,8879.5,14.895,132260.1525
2020-05-12 23:51:00,8879.5,8880.0,8879.5,8879.5,2.063,18318.4085
2020-05-12 23:52:00,8879.5,8885.0,8879.5,8880.5,91.691,814261.9255
2020-05-12 23:53:00,8880.5,8881.5,8874.0,8874.5,15.671,139072.2895
2020-05-12 23:54:00,8874.5,8878.0,8874.5,8878.0,1.115,9898.97
2020-05-12 23:55:00,8878.0,8878.0,8873.5,8874.0,1.19,10560.06
2020-05-12 23:56:00,8874.0,8878.0,8874.0,8878.0,0.728,6463.184
2020-05-12 23:57:00,8878.0,8878.0,8878.0,8878.0,1.166,10351.748
2020-05-12 23:58:00,8878.0,8881.0,8877.5,8877.5,1.888,16760.72
2020-05-12 23:59:00,8877.5,8877.5,8873.5,8874.0,1.968,17464.032
2020-05-13 00:00:00,8874.0,8876.0,8865.0,8865.0,1.274,11294.01
2020-05-13 00:01:00,8865.0,8891.5,8865.0,8891.5,23.62,210017.23
2020-05-13 00:02:00,8891.5,8900.0,8889.5,8900.0,12.613,112255.7
2020-05-13 00:03:00,8900.0,8900.0,8898.5,8899.5,1.209,10759.4955
2020-05-13 00:04:00,8899.5,8899.5,8898.0,8898.5,1.582,14077.427
2020-05-13 00:05:00,8898.5,8898.5,8889.0,8891.0,10.185,90554.835
2020-05-13 00:06:00,8891.0,8895.0,8891.0,8894.5,2.023,17993.5735
2020-05-13 00:07:00,8894.5,8899.5,8890.5,8899.5,1.805,16063.5975
2020-05-13 00:08:00,8899.5,8903.0,8899.0,8900.5,3.183,28330.2915
2020-05-13 00:09:00,8900.5,8901.5,8900.5,8901.5,1.275,11349.4125
2020-05-13 00:10:00,8901.5,8904.0,8900.5,8900.5,5.258,46798.829
2020-05-13 00:11:00,8900.5,8900.5,8900.0,8900.5,1.185,10547.0925
2020-05-13 00:12:00,8900.5,8900.5,8892.5,8892.5,2.571,22862.6175
2020-05-13 00:13:00,8892.5,8892.5,8882.0,8882.5,4.692,41676.69
2020-05-13 00:14:00,8882.5,8882.5,8877.0,8877.0,1.385,12294.645
2020-05-13 00:15:00,8877.0,8882.0,8877.0,8882.0,0.001,8.882
2020-05-13 00:16:00,8882.0,8882.0,8874.0,8874.0,6.569,58293.306
2020-05-13 00:17:00,8874.0,8875.5,8873.0,8873.0,0.164,1455.172
2020-05-13 00:18:00,8873.0,8873.0,8869.5,8869.5,0.003,26.6085
2020-05-13 00:19:00,8869.5,8874.5,8869.5,8874.5,1.5,13311.75
2020-05-13 00:20:00,8874.5,8877.5,8874.5,8877.0,0.506,4491.762
2020-05-13 00:21:00,8877.0,8885.0,8877.0,8885.0,1.243,11044.055
2020-05-13 00:22:00,8885.0,8885.0,8885.0,8885.0,0.0,0.0
2020-05-13 00:23:00,8885.0,8888.5,8885.0,8888.5,0.331,2942.0935
2020-05-13 00:24:00,8888.5,8888.5,8888.0,8888.0,0.043,382.184
2020-05-13 00:25:00,8888.0,8891.5,8887.0,8891.5,0.035,311.2025
2020-05-13 00:26:00,8891.5,8891.5,8887.5,8890.5,1.891,16811.9355
2020-05-13 00:27:00,8890.5,8891.0,8888.0,8891.0,0.642,5708.022
2020-05-13 00:28:00,8891.0,8891.0,8890.5,8890.5,0.387,3440.6235
2020-05-13 00:29:00,8890.5,8891.5,8889.5,8891.5,1.233,10963.2195
2020-05-13 00:30:00,8891.5,8893.0,8889.0,8889.0,0.491,4364.499
2020-05-13 00:31:00,8889.0,8889.0,8862.0,8863.5,3.039,26936.1765
2020-05-13 00:32:00,8863.5,8866.0,8863.5,8863.5,0.071,629.3085
2020-05-13 00:33:00,8863.5,8869.0,8863.5,8868.5,27.281,241941.5485
2020-05-13 00:34:00,8868.5,8869.0,8868.5,8869.0,1.878,16655.982
2020-05-13 00:35:00,8869.0,8869.0,8869.0,8869.0,0.0,0.0
2020-05-13 00:36:00,8869.0,8877.5,8869.0,8876.0,0.239,2121.364
2020-05-13 00:37:00,8876.0,8876.0,8874.0,8874.0,0.006,53.244
2020-05-13 00:38:00,8874.0,8874.0,8874.0,8874.0,0.0,0.0
2020-05-13 00:39:00,8874.0,8874.0,8874.0,8874.0,0.0,0.0
2020-05-13 00:40:00,8874.0,8874.0,8870.5,8873.0,1.073,9520.729
2020-05-13 00:41:00,8873.0,8886.0,8872.5,8886.0,1.412,12547.032
2020-05-13 00:42:00,8886.0,8886.0,8886.0,8886.0,0.027,239.922
2020-05-13 00:43:00,8886.0,8886.5,8886.0,8886.5,0.734,6522.691
2020-05-13 00:44:00,8886.5,8886.5,8883.0,8883.0,0.698,6200.334
2020-05-13 00:45:00,8883.0,8884.0,8883.0,8884.0,1.202,10678.568
2020-05-13 00:46:00,8884.0,8897.5,8884.0,8897.5,4.494,39985.365
2020-05-13 00:47:00,8897.5,8898.0,8892.0,8892.0,0.628,5584.176
2020-05-13 00:48:00,8892.0,8894.5,8890.0,8890.0,1.082,9618.98
2020-05-13 00:49:00,8890.0,8913.5,8890.0,8910.0,23.536,209705.76
2020-05-13 00:50:00,8910.0,8916.5,8910.0,8912.0,7.527,67080.624
2020-05-13 00:51:00,8912.0,8912.5,8909.0,8909.5,5.986,53332.267
2020-05-13 00:52:00,8909.5,8915.0,8909.5,8914.5,4.609,41086.9305
2020-05-13 00:53:00,8914.5,8915.5,8914.5,8914.5,8.519,75942.6255
2020-05-13 00:54:00,8914.5,8915.0,8908.5,8908.5,1.387,12356.0895
2020-05-13 00:55:00,8908.5,8909.0,8904.0,8909.0,2.368,21096.512
2020-05-13 00:56:00,8909.0,8909.5,8909.0,8909.5,0.075,668.2125
2020-05-13 00:57:00,8909.5,8909.5,8909.5,8909.5,0.0,0.0
2020-05-13 00:58:00,8909.5,8916.5,8909.5,8916.5,1.466,13071.589
2020-05-13 00:59:00,8916.5,8916.5,8916.5,8916.5,0.0,0.0
2020-05-13 01:00:00,8916.5,8920.0,8911.0,8911.0,11.74,104615.14
2020-05-13 01:01:00,8911.0,8911.0,8907.5,8909.0,2.003,17844.727
2020-05-13 01:02:00,8909.0,8909.0,8909.0,8909.0,0.0,0.0
2020-05-13 01:03:00,8909.0,8909.0,8907.0,8907.0,8.009,71336.163
2020-05-13 01:04:00,8907.0,8907.0,8897.0,8897.0,2.331,20738.907
2020-05-13 01:05:00,8897.0,8897.0,8897.0,8897.0,0.781,6948.557
2020-05-13 01:06:00,8897.0,8897.0,8894.5,8895.0,0.036,320.22
2020-05-13 01:07:00,8895.0,8895.0,8895.0,8895.0,0.0,0.0
2020-05-13 01:08:00,8895.0,8895.0,8894.5,8894.5,5.453,48501.7085
2020-05-13 01:09:00,8894.5,8894.5,8888.5,8894.5,2.348,20884.286
2020-05-13 01:10:00,8894.5,8894.5,8880.5,8880.5,1.134,10070.487
2020-05-13 01:11:00,8880.5,8886.0,8880.5,8885.0,1.096,9737.96
2020-05-13 01:12:00,8885.0,8885.0,8885.0,8885.0,0.0,0.0
2020-05-13 01:13:00,8885.0,8885.0,8869.0,8869.5,14.237,126275.0715
2020-05-13 01:14:00,8869.5,8869.5,8869.0,8869.0,1.0,8869.0
2020-05-13 01:15:00,8869.0,8869.0,8838.5,8856.0,28.213,249854.328
2020-05-13 01:16:00,8856.0,8856.0,8838.5,8852.5,30.051,266026.4775
2020-05-13 01:17:00,8852.5,8866.5,8852.5,8866.5,2.973,26360.1045
2020-05-13 01:18:00,8866.5,8868.0,8866.5,8868.0,4.307,38194.476
2020-05-13 01:19:00,8868.0,8868.0,8857.5,8859.0,1.055,9346.245
2020-05-13 01:20:00,8859.0,8859.0,8850.5,8851.0,1.682,14887.382
2020-05-13 01:21:00,8851.0,8853.5,8848.0,8849.0,1.114,9857.786
2020-05-13 01:22:00,8849.0,8849.0,8841.5,8844.5,2.192,19387.144
2020-05-13 01:23:00,8844.5,8858.0,8844.5,8857.5,53.572,474513.99
2020-05-13 01:24:00,8857.5,8858.0,8855.5,8857.5,7.097,62861.6775
2020-05-13 01:25:00,8857.5,8858.0,8855.5,8855.5,0.119,1053.8045
2020-05-13 01:26:00,8855.5,8855.5,8830.0,8839.5,30.466,269304.207
2020-05-13 01:27:00,8839.5,8842.0,8839.5,8842.0,1.375,12157.75
2020-05-13 01:28:00,8842.0,8842.0,8800.0,8810.5,63.158,556453.559
2020-05-13 01:29:00,8810.5,8815.0,8773.0,8784.5,96.134,844489.123
2020-05-13 01:30:00,8784.5,8816.5,8784.5,8810.5,26.065,229645.6825
2020-05-13 01:31:00,8810.5,8811.0,8804.0,8809.0,2.109,18578.181
2020-05-13 01:32:00,8809.0,8809.0,8795.0,8799.0,5.038,44329.362
2020-05-13 01:33:00,8799.0,8800.0,8779.5,8780.0,23.594,207155.32
2020-05-13 01:34:00,8780.0,8790.5,8764.5,8786.0,43.676,383737.336
2020-05-13 01:35:00,8786.0,8799.0,8785.0,8798.5,13.636,119976.346
2020-05-13 01:36:00,8798.5,8811.0,8798.5,8809.5,11.912,104938.764
2020-05-13 01:37:00,8809.5,8820.0,8809.5,8820.0,11.115,98034.3
2020-05-13 01:38:00,8820.0,8820.0,8810.5,8811.0,6.14,54099.54
2020-05-13 01:39:00,8811.0,8811.5,8798.0,8798.0,8.074,71035.052
2020-05-13 01:40:00,8798.0,8808.5,8798.0,8808.5,2.806,24716.651
2020-05-13 01:41:00,8808.5,8809.0,8792.5,8793.0,4.311,37906.623
2020-05-13 01:42:00,8793.0,8804.0,8793.0,8800.5,1.3,11440.65
2020-05-13 01:43:00,8800.5,8800.5,8800.0,8800.0,0.948,8342.4
2020-05-13 01:44:00,8800.0,8800.0,8781.5,8790.0,10.438,91750.02
2020-05-13 01:45:00,8790.0,8797.5,8790.0,8797.5,1.376,12105.36
2020-05-13 01:46:00,8797.5,8808.5,8797.5,8808.5,53.185,468480.0725
2020-05-13 01:47:00,8808.5,8811.0,8808.0,8808.0,17.175,151277.4
2020-05-13 01:48:00,8808.0,8808.5,8805.0,8805.0,0.079,695.595
2020-05-13 01:49:00,8805.0,8805.0,8804.5,8804.5,1.06,9332.77
2020-05-13 01:50:00,8804.5,8804.5,8804.5,8804.5,0.0,0.0
2020-05-13 01:51:00,8804.5,8804.5,8781.0,8784.5,17.416,152990.852
2020-05-13 01:52:00,8784.5,8784.5,8779.0,8783.5,3.276,28774.746
2020-05-13 01:53:00,8783.5,8791.0,8783.5,8789.5,0.666,5853.807
2020-05-13 01:54:00,8789.5,8789.5,8789.0,8789.5,1.148,10090.346
2020-05-13 01:55:00,8789.5,8789.5,8772.0,8776.5,4.033,35395.6245
2020-05-13 01:56:00,8776.5,8778.0,8776.0,8778.0,22.829,200392.962
2020-05-13 01:57:00,8778.0,8780.0,8778.0,8779.5,1.522,13362.399
2020-05-13 01:58:00,8779.5,8802.5,8779.5,8795.0,39.127,344121.965
2020-05-13 01:59:00,8795.0,8795.0,8789.5,8793.0,1.694,14895.342
2020-05-13 02:00:00,8793.0,8798.5,8792.5,8793.5,103.607,911068.1545
2020-05-13 02:01:00,8793.5,8793.5,8789.5,8789.5,0.649,5704.3855
2020-05-13 02:02:00,8789.5,8789.5,8783.0,8784.5,0.447,3926.6715
2020-05-13 02:03:00,8784.5,8791.5,8784.5,8791.5,100.002,879167.583
2020-05-13 02:04:00,8791.5,8795.0,8789.0,8791.0,100.868,886730.588
2020-05-13 02:05:00,8791.0,8801.5,8791.0,8801.5,92.093,810556.5395
2020-05-13 02:06:00,8801.5,8810.0,8801.5,8810.0,1.616,14236.96
2020-05-13 02:07:00,8810.0,8818.0,8809.5,8818.0,24.266,213977.588
2020-05-13 02:08:00,8818.0,8820.5,8811.5,8815.0,20.677,182267.755
2020-05-13 02:09:00,8815.0,8815.0,8814.5,8814.5,1.138,10030.901
2020-05-13 02:10:00,8814.5,8814.5,8806.0,8806.0,0.584,5142.704
2020-05-13 02:11:00,8806.0,8806.0,8802.5,8803.5,1.488,13099.608
2020-05-13 02:12:00,8803.5,8806.5,8803.5,8806.5,3.433,30232.7145
2020-05-13 02:13:00,8806.5,8806.5,8806.5,8806.5,0.212,1866.978
2020-05-13 02:14:00,8806.5,8806.5,8805.0,8805.0,0.152,1338.36
2020-05-13 02:15:00,8805.0,8805.0,8801.0,8801.0,13.976,123002.776
2020-05-13 02:16:00,8801.0,8801.0,8800.0,8801.0,4.36,38372.36
2020-05-13 02:17:00,8801.0,8810.5,8801.0,8810.5,6.885,60660.2925
2020-05-13 02:18:00,8810.5,8819.5,8810.5,8817.0,101.85,898011.45
2020-05-13 02:19:00,8817.0,8839.0,8817.0,8839.0,14.126,124859.714
2020-05-13 02:20:00,8839.0,8839.0,8835.0,8835.5,2.58,22795.59
2020-05-13 02:21:00,8835.5,8838.0,8830.0,8830.0,3.92,34613.6
2020-05-13 02:22:00,8830.0,8835.0,8828.5,8835.0,1.172,10354.62
2020-05-13 02:23:00,8835.0,8835.0,8831.0,8831.0,3.171,28003.101
2020-05-13 02:24:00,8831.0,8832.5,8831.0,8832.0,0.038,335.616
2020-05-13 02:25:00,8832.0,8832.0,8826.5,8826.5,0.5,4413.25
2020-05-13 02:26:00,8826.5,8826.5,8826.0,8826.0,2.748,24253.848
2020-05-13 02:27:00,8826.0,8826.0,8820.5,8820.5,2.893,25517.7065
2020-05-13 02:28:00,8820.5,8821.5,8820.5,8821.5,0.75,6616.125
2020-05-13 02:29:00,8821.5,8822.0,8814.0,8814.0,2.442,21523.788
2020-05-13 02:30:00,8814.0,8814.0,8807.0,8807.0,10.096,88915.472
2020-05-13 02:31:00,8807.0,8807.5,8807.0,8807.5,1.229,10824.4175
2020-05-13 02:32:00,8807.5,8809.5,8807.5,8809.5,4.719,41572.0305
2020-05-13 02:33:00,8809.5,8809.5,8802.0,8802.0,3.387,29812.374
2020-05-13 02:34:00,8802.0,8809.5,8802.0,8809.5,4.327,38118.7065
2020-05-13 02:35:00,8809.5,8828.5,8809.5,8827.5,18.572,163944.33
2020-05-13 02:36:00,8827.5,8827.5,8821.0,8821.0,8.802,77642.442
2020-05-13 02:37:00,8821.0,8821.0,8819.0,8819.0,2.0,17638.0
2020-05-13 02:38:00,8819.0,8819.0,8817.0,8817.0,0.504,4443.768
2020-05-13 02:39:00,8817.0,8818.5,8817.0,8818.5,0.15,1322.775
2020-05-13 02:40:00,8818.5,8818.5,8815.5,8815.5,3.505,30898.3275
2020-05-13 02:41:00,8815.5,8815.5,8811.5,8811.5,1.662,14644.713
2020-05-13 02:42:00,8811.5,8811.5,8810.0,8810.0,2.245,19778.45
2020-05-13 02:43:00,8810.0,8810.5,8810.0,8810.0,0.93,8193.3
2020-05-13 02:44:00,8810.0,8819.0,8810.0,8819.0,2.038,17973.122
2020-05-13 02:45:00,8819.0,8819.0,8819.0,8819.0,0.0,0.0
2020-05-13 02:46:00,8819.0,8819.0,8809.0,8809.0,14.54,128082.86
2020-05-13 02:47:00,8809.0,8809.0,8799.5,8799.5,4.335,38145.8325
2020-05-13 02:48:00,8799.5,8799.5,8787.0,8787.5,18.24,160284.0
2020-05-13 02:49:00,8787.5,8802.0,8787.5,8802.0,73.116,643567.032
2020-05-13 02:50:00,8802.0,8802.0,8797.5,8797.5,0.982,8639.145
2020-05-13 02:51:00,8797.5,8797.5,8795.5,8797.0,2.543,22370.771
2020-05-13 02:52:00,8797.0,8797.0,8796.5,8796.5,0.027,237.5055
2020-05-13 02:53:00,8796.5,8796.5,8796.5,8796.5,0.164,1442.626
2020-05-13 02:54:00,8796.5,8797.0,8796.5,8797.0,5.676,49931.772
2020-05-13 02:55:00,8797.0,8801.5,8797.0,8801.5,0.154,1355.431
2020-05-13 02:56:00,8801.5,8809.5,8801.5,8809.5,12.332,108638.754
2020-05-13 02:57:00,8809.5,8817.0,8809.5,8817.0,1.745,15385.665
2020-05-13 02:58:00,8817.0,8817.0,8817.0,8817.0,0.827,7291.659
2020-05-13 02:59:00,8817.0,8817.0,8808.5,8808.5,9.026,79505.521
2020-05-13 03:00:00,8808.5,8809.0,8806.0,8809.0,1.081,9522.529
2020-05-13 03:01:00,8809.0,8823.5,8809.0,8823.0,11.679,103043.817
2020-05-13 03:02:00,8823.0,8823.5,8822.5,8822.5,0.925,8160.8125
2020-05-13 03:03:00,8822.5,8822.5,8822.0,8822.5,0.663,5849.3175
2020-05-13 03:04:00,8822.5,8822.5,8822.0,8822.0,1.716,15138.552
2020-05-13 03:05:00,8822.0,8838.0,8822.0,8835.0,3.231,28545.885
2020-05-13 03:06:00,8835.0,8835.5,8831.5,8831.5,1.754,15490.451
2020-05-13 03:07:00,8831.5,8831.5,8831.5,8831.5,0.579,5113.4385
2020-05-13 03:08:00,8831.5,8832.0,8831.5,8831.5,0.28,2472.82
2020-05-13 03:09:00,8831.5,8845.0,8831.5,8845.0,5.363,47435.735
2020-05-13 03:10:00,8845.0,8849.0,8844.5,8844.5,8.591,75983.0995
2020-05-13 03:11:00,8844.5,8844.5,8840.5,8841.0,8.733,77208.453
2020-05-13 03:12:00,8841.0,8841.0,8833.5,8833.5,1.385,12234.3975
2020-05-13 03:13:00,8833.5,8833.5,8827.5,8827.5,1.947,17187.1425
2020-05-13 03:14:00,8827.5,8828.0,8825.5,8825.5,3.586,31648.243
2020-05-13 03:15:00,8825.5,8826.0,8825.5,8826.0,1.474,13009.524
2020-05-13 03:16:00,8826.0,8832.5,8826.0,8832.5,4.307,38041.5775
2020-05-13 03:17:00,8832.5,8834.5,8832.5,8834.5,1.203,10627.9035
2020-05-13 03:18:00,8834.5,8842.0,8834.5,8842.0,22.724,200925.608
2020-05-13 03:19:00,8842.0,8843.0,8842.0,8842.5,9.716,85913.73
2020-05-13 03:20:00,8842.5,8842.5,8805.5,8805.5,29.995,264120.9725
2020-05-13 03:21:00,8805.5,8812.0,8729.5,8738.0,509.009,4447720.642
2020-05-13 03:22:00,8738.0,8773.0,8738.0,8757.0,57.515,503658.855
2020-05-13 03:23:00,8757.0,8771.5,8757.0,8770.0,109.552,960771.04
2020-05-13 03:24:00,8770.0,8770.5,8766.0,8770.5,74.103,649920.3615
2020-05-13 03:25:00,8770.5,8779.0,8770.0,8779.0,90.836,797449.244
2020-05-13 03:26:00,8779.0,8782.5,8777.0,8781.5,9.872,86690.968
2020-05-13 03:27:00,8781.5,8781.5,8775.5,8775.5,1.282,11250.191
2020-05-13 03:28:00,8775.5,8775.5,8756.5,8756.5,8.725,76400.4625
2020-05-13 03:29:00,8756.5,8774.0,8740.0,8774.0,13.34,117045.16
2020-05-13 03:30:00,8774.0,8794.0,8743.5,8774.5,86.18,756186.41
2020-05-13 03:31:00,8774.5,8793.0,8767.0,8776.0,44.366,389356.016
2020-05-13 03:32:00,8776.0,8790.0,8771.5,8782.0,36.366,319366.212
2020-05-13 03:33:00,8782.0,8793.0,8781.5,8788.0,1.369,12030.772
2020-05-13 03:34:00,8788.0,8789.5,8788.0,8788.0,1.404,12338.352
2020-05-13 03:35:00,8788.0,8790.0,8787.5,8790.0,9.481,83337.99
2020-05-13 03:36:00,8790.0,8790.0,8784.0,8784.5,0.561,4928.1045
2020-05-13 03:37:00,8784.5,8784.5,8763.5,8763.5,12.73,111559.355
2020-05-13 03:38:00,8763.5,8777.5,8763.5,8775.5,10.452,91721.526
2020-05-13 03:39:00,8775.5,8775.5,8772.0,8772.0,4.044,35473.968
2020-05-13 03:40:00,8772.0,8772.5,8766.0,8766.0,52.617,461240.622
2020-05-13 03:41:00,8766.0,8784.0,8766.0,8783.5,4.013,35248.1855
2020-05-13 03:42:00,8783.5,8784.0,8783.5,8784.0,6.451,56665.584
2020-05-13 03:43:00,8784.0,8784.5,8781.5,8782.0,3.919,34416.658
2020-05-13 03:44:00,8782.0,8782.0,8781.5,8781.5,0.843,7402.8045
2020-05-13 03:45:00,8781.5,8785.0,8781.0,8785.0,1.484,13036.94
2020-05-13 03:46:00,8785.0,8796.0,8785.0,8796.0,9.587,84327.252
2020-05-13 03:47:00,8796.0,8805.5,8791.5,8805.5,9.233,81301.1815
2020-05-13 03:48:00,8805.5,8811.5,8802.0,8803.0,2.599,22878.997
2020-05-13 03:49:00,8803.0,8818.0,8803.0,8818.0,1.06,9347.08
2020-05-13 03:50:00,8818.0,8818.0,8811.0,8814.5,1.532,13503.814
2020-05-13 03:51:00,8814.5,8815.0,8795.5,8795.5,3.852,33880.266
2020-05-13 03:52:00,8795.5,8803.0,8795.5,8803.0,6.163,54252.889
2020-05-13 03:53:00,8803.0,8806.0,8803.0,8806.0,0.044,387.464
2020-05-13 03:54:00,8806.0,8806.0,8788.0,8788.0,19.517,171515.396
2020-05-13 03:55:00,8788.0,8788.0,8780.5,8786.0,2.004,17607.144
2020-05-13 03:56:00,8786.0,8786.5,8786.0,8786.5,0.625,5491.5625
2020-05-13 03:57:00,8786.5,8786.5,8782.5,8785.5,0.457,4014.9735
2020-05-13 03:58:00,8785.5,8792.0,8782.0,8792.0,2.682,23580.144
2020-05-13 03:59:00,8792.0,8792.0,8789.0,8789.0,0.404,3550.756
2020-05-13 04:00:00,8789.0,8797.0,8789.0,8797.0,1.2,10556.4
2020-05-13 04:01:00,8797.0,8804.0,8797.0,8800.5,9.424,82935.912
2020-05-13 04:02:00,8800.5,8804.0,8800.5,8801.0,2.745,24158.745
2020-05-13 04:03:00,8801.0,8802.0,8801.0,8802.0,0.25,2200.5
2020-05-13 04:04:00,8802.0,8804.0,8802.0,8804.0,0.65,5722.6
2020-05-13 04:05:00,8804.0,8808.0,8804.0,8807.5,1.061,9344.7575
2020-05-13 04:06:00,8807.5,8808.0,8800.5,8800.5,2.696,23726.148
2020-05-13 04:07:00,8800.5,8800.5,8795.5,8800.0,5.762,50705.6
2020-05-13 04:08:00,8800.0,8800.0,8795.5,8797.0,5.459,48022.823
2020-05-13 04:09:00,8797.0,8803.5,8796.0,8803.5,1.805,15890.3175
2020-05-13 04:10:00,8803.5,8808.0,8803.5,8805.5,3.436,30255.698
2020-05-13 04:11:00,8805.5,8809.0,8805.5,8806.5,5.49,48347.685
2020-05-13 04:12:00,8806.5,8806.5,8806.5,8806.5,0.745,6560.8425
2020-05-13 04:13:00,8806.5,8806.5,8806.0,8806.0,2.139,18836.034
2020-05-13 04:14:00,8806.0,8808.0,8798.5,8808.0,3.119,27472.152
2020-05-13 04:15:00,8808.0,8816.0,8808.0,8813.0,2.858,25187.554
2020-05-13 04:16:00,8813.0,8814.0,8809.5,8809.5,1.824,16068.528
2020-05-13 04:17:00,8809.5,8824.0,8809.5,8824.0,6.297,55564.728
2020-05-13 04:18:00,8824.0,8824.0,8813.5,8816.5,2.289,20180.9685
2020-05-13 04:19:00,8816.5,8820.0,8816.5,8820.0,15.105,133226.1
2020-05-13 04:20:00,8820.0,8822.0,8817.0,8822.0,0.643,5672.546
2020-05-13 04:21:00,8822.0,8822.0,8811.5,8811.5,0.958,8441.417
2020-05-13 04:22:00,8811.5,8813.0,8811.5,8813.0,0.139,1225.007
2020-05-13 04:23:00,8813.0,8813.0,8813.0,8813.0,0.0,0.0
2020-05-13 04:24:00,8813.0,8813.0,8813.0,8813.0,0.0,0.0
2020-05-13 04:25:00,8813.0,8820.0,8813.0,8819.5,0.728,6420.596
2020-05-13 04:26:00,8819.5,8820.0,8818.0,8818.0,1.258,11093.044
2020-05-13 04:27:00,8818.0,8818.0,8814.0,8814.0,2.551,22484.514
2020-05-13 04:28:00,8814.0,8816.0,8805.0,8805.0,1.406,12379.83
2020-05-13 04:29:00,8805.0,8807.0,8805.0,8807.0,0.359,3161.713
2020-05-13 04:30:00,8807.0,8811.5,8807.0,8811.5,0.236,2079.514
2020-05-13 04:31:00,8811.5,8836.5,8811.5,8829.5,14.991,132363.0345
2020-05-13 04:32:00,8829.5,8833.0,8826.5,8833.0,16.334,144278.222
2020-05-13 04:33:00,8833.0,8839.5,8832.0,8834.0,2.129,18807.586
2020-05-13 04:34:00,8834.0,8839.5,8832.0,8839.5,0.024,212.148
2020-05-13 04:35:00,8839.5,8839.5,8831.5,8831.5,2.868,25328.742
2020-05-13 04:36:00,8831.5,8832.0,8828.0,8828.0,1.966,17355.848
2020-05-13 04:37:00,8828.0,8828.0,8825.5,8827.0,0.223,1968.421
2020-05-13 04:38:00,8827.0,8828.0,8827.0,8828.0,0.3,2648.4
2020-05-13 04:39:00,8828.0,8828.0,8824.5,8827.0,2.79,24627.33
2020-05-13 04:40:00,8827.0,8827.0,8827.0,8827.0,0.0,0.0
2020-05-13 04:41:00,8827.0,8836.5,8827.0,8836.5,0.742,6556.683
2020-05-13 04:42:00,8836.5,8836.5,8835.0,8835.0,2.135,18862.725
2020-05-13 04:43:00,8835.0,8837.0,8835.0,8837.0,3.222,28472.814
2020-05-13 04:44:00,8837.0,8837.0,8836.5,8837.0,0.362,3198.994
2020-05-13 04:45:00,8837.0,8839.5,8814.0,8814.0,3.367,29676.738
2020-05-13 04:46:00,8814.0,8818.5,8814.0,8817.5,1.721,15174.9175
2020-05-13 04:47:00,8817.5,8817.5,8801.0,8808.0,3.528,31074.624
2020-05-13 04:48:00,8808.0,8814.0,8808.0,8813.0,1.537,13545.581
2020-05-13 04:49:00,8813.0,8815.0,8813.0,8815.0,1.686,14862.09
2020-05-13 04:50:00,8815.0,8822.5,8815.0,8819.0,21.875,192915.625
2020-05-13 04:51:00,8819.0,8819.0,8811.0,8811.0,6.089,53650.179
2020-05-13 04:52:00,8811.0,8813.5,8805.0,8805.0,1.544,13594.92
2020-05-13 04:53:00,8805.0,8805.0,8804.5,8805.0,2.704,23808.72
2020-05-13 04:54:00,8805.0,8805.0,8792.5,8801.5,14.165,124673.2475
2020-05-13 04:55:00,8801.5,8801.5,8797.0,8797.0,2.753,24218.141
2020-05-13 04:56:00,8797.0,8800.5,8796.5,8797.5,2.908,25583.13
2020-05-13 04:57:00,8797.5,8797.5,8794.0,8794.0,6.784,59658.496
2020-05-13 04:58:00,8794.0,8803.0,8794.0,8803.0,2.948,25951.244
2020-05-13 04:59:00,8803.0,8812.0,8803.0,8812.0,0.002,17.624
2020-05-13 05:00:00,8812.0,8812.0,8811.0,8811.0,0.728,6414.408
2020-05-13 05:01:00,8811.0,8823.5,8811.0,8823.5,9.009,79490.9115
2020-05-13 05:02:00,8823.5,8830.0,8823.5,8826.5,6.437,56816.1805
2020-05-13 05:03:00,8826.5,8826.5,8826.5,8826.5,1.474,13010.261
2020-05-13 05:04:00,8826.5,8826.5,8823.0,8823.0,0.206,1817.538
2020-05-13 05:05:00,8823.0,8823.0,8816.0,8819.5,6.595,58164.6025
2020-05-13 05:06:00,8819.5,8819.5,8816.0,8817.0,0.414,3650.238
2020-05-13 05:07:00,8817.0,8823.0,8816.0,8823.0,0.015,132.345
2020-05-13 05:08:00,8823.0,8824.0,8823.0,8824.0,1.031,9097.544
2020-05-13 05:09:00,8824.0,8824.0,8823.0,8823.0,0.206,1817.538
2020-05-13 05:10:00,8823.0,8823.0,8823.0,8823.0,0.0,0.0
2020-05-13 05:11:00,8823.0,8825.5,8823.0,8823.0,1.604,14152.092
2020-05-13 05:12:00,8823.0,8824.0,8823.0,8824.0,1.692,14930.208
2020-05-13 05:13:00,8824.0,8825.0,8824.0,8825.0,3.194,28187.05
2020-05-13 05:14:00,8825.0,8825.0,8819.0,8819.0,1.826,16103.494
2020-05-13 05:15:00,8819.0,8819.0,8788.5,8788.5,17.569,154405.1565
2020-05-13 05:16:00,8788.5,8793.5,8787.5,8793.5,6.591,57957.9585
2020-05-13 05:17:00,8793.5,8802.0,8793.5,8802.0,5.473,48173.346
2020-05-13 05:18:00,8802.0,8802.0,8801.5,8801.5,0.011,96.8165
2020-05-13 05:19:00,8801.5,8801.5,8797.0,8797.0,0.814,7160.758
2020-05-13 05:20:00,8797.0,8797.0,8796.0,8796.0,0.184,1618.464
2020-05-13 05:21:00,8796.0,8796.0,8794.5,8794.5,0.513,4511.5785
2020-05-13 05:22:00,8794.5,8794.5,8787.5,8793.0,2.987,26264.691
2020-05-13 05:23:00,8793.0,8793.0,8789.5,8789.5,0.999,8780.7105
2020-05-13 05:24:00,8789.5,8789.5,8789.0,8789.0,0.724,6363.236
2020-05-13 05:25:00,8789.0,8789.5,8781.0,8781.0,1.244,10923.564
2020-05-13 05:26:00,8781.0,8786.0,8781.0,8784.0,2.75,24156.0
2020-05-13 05:27:00,8784.0,8796.5,8784.0,8796.5,6.617,58206.4405
2020-05-13 05:28:00,8796.5,8808.5,8796.0,8808.5,2.639,23245.6315
2020-05-13 05:29:00,8808.5,8814.0,8808.0,8813.0,4.891,43104.383
2020-05-13 05:30:00,8813.0,8813.5,8794.5,8796.5,24.416,214775.344
2020-05-13 05:31:00,8796.5,8807.0,8796.5,8806.5,1.077,9484.6005
2020-05-13 05:32:00,8806.5,8820.5,8806.5,8820.5,6.372,56204.226
2020-05-13 05:33:00,8820.5,8825.0,8817.0,8822.0,3.55,31318.1
2020-05-13 05:34:00,8822.0,8822.0,8819.5,8820.0,1.663,14667.66
2020-05-13 05:35:00,8820.0,8885.5,8820.0,8880.0,109.684,973993.92
2020-05-13 05:36:00,8880.0,8880.0,8861.5,8868.0,18.818,166878.024
2020-05-13 05:37:00,8868.0,8868.0,8859.0,8860.0,0.335,2968.1
2020-05-13 05:38:00,8860.0,8890.0,8859.0,8884.5,26.052,231458.994
2020-05-13 05:39:00,8884.5,8889.0,8876.0,8876.0,22.746,201893.496
2020-05-13 05:40:00,8876.0,8884.0,8874.5,8875.0,9.915,87995.625
2020-05-13 05:41:00,8875.0,8875.0,8870.5,8872.5,1.329,11791.5525
2020-05-13 05:42:00,8872.5,8872.5,8864.5,8871.5,0.548,4861.582
2020-05-13 05:43:00,8871.5,8871.5,8864.5,8864.5,0.169,1498.1005
2020-05-13 05:44:00,8864.5,8894.0,8864.5,8894.0,26.426,235032.844
2020-05-13 05:45:00,8894.0,8898.5,8886.5,8887.0,16.7,148412.9
2020-05-13 05:46:00,8887.0,8891.0,8886.5,8886.5,0.349,3101.3885
2020-05-13 05:47:00,8886.5,8887.0,8879.5,8879.5,6.407,56890.9565
2020-05-13 05:48:00,8879.5,8880.0,8879.5,8880.0,0.511,4537.68
2020-05-13 05:49:00,8880.0,8882.5,8875.0,8875.0,8.071,71630.125
2020-05-13 05:50:00,8875.0,8881.0,8875.0,8881.0,1.824,16198.944
2020-05-13 05:51:00,8881.0,8881.0,8862.0,8866.0,12.621,111897.786
2020-05-13 05:52:00,8866.0,8870.5,8866.0,8870.5,3.229,28642.8445
2020-05-13 05:53:00,8870.5,8878.5,8870.5,8877.0,4.632,41118.264
2020-05-13 05:54:00,8877.0,8877.5,8874.5,8877.5,2.563,22753.0325
2020-05-13 05:55:00,8877.5,8885.5,8877.5,8885.5,0.579,5144.7045
2020-05-13 05:56:00,8885.5,8893.0,8885.5,8890.0,8.521,75751.69
2020-05-13 05:57:00,8890.0,8890.0,8887.5,8887.5,0.888,7892.1
2020-05-13 05:58:00,8887.5,8888.0,8887.5,8888.0,0.001,8.888
2020-05-13 05:59:00,8888.0,8898.0,8888.0,8898.0,0.273,2429.154
2020-05-13 06:00:00,8898.0,8921.0,8897.0,8919.0,17.817,158909.823
2020-05-13 06:01:00,8919.0,8919.5,8908.5,8909.0,4.676,41658.484
2020-05-13 06:02:00,8909.0,8913.0,8909.0,8913.0,0.631,5624.103
2020-05-13 06:03:00,8913.0,8928.5,8913.0,8928.0,16.366,146115.648
2020-05-13 06:04:00,8928.0,8942.5,8917.0,8930.0,33.17,296208.1
2020-05-13 06:05:00,8930.0,8930.0,8920.5,8920.5,15.126,134931.483
2020-05-13 06:06:00,8920.5,8922.0,8913.0,8913.0,6.632,59111.016
2020-05-13 06:07:00,8913.0,8913.0,8903.0,8908.5,33.899,301989.2415
2020-05-13 06:08:00,8908.5,8908.5,8908.5,8908.5,0.5,4454.25
2020-05-13 06:09:00,8908.5,8919.0,8908.0,8919.0,3.053,27229.707
2020-05-13 06:10:00,8919.0,8920.0,8919.0,8920.0,1.452,12951.84
2020-05-13 06:11:00,8920.0,8920.0,8919.5,8919.5,2.81,25063.795
2020-05-13 06:12:00,8919.5,8919.5,8919.0,8919.0,23.509,209676.771
2020-05-13 06:13:00,8919.0,8938.0,8917.5,8928.5,30.804,275033.514
2020-05-13 06:14:00,8928.5,8936.0,8928.5,8936.0,0.035,312.76
2020-05-13 06:15:00,8936.0,8936.0,8927.5,8928.5,5.196,46392.486
2020-05-13 06:16:00,8928.5,8928.5,8923.0,8925.0,0.838,7479.15
2020-05-13 06:17:00,8925.0,8927.0,8919.5,8919.5,0.724,6457.718
2020-05-13 06:18:00,8919.5,8919.5,8912.0,8914.0,15.418,137436.052
2020-05-13 06:19:00,8914.0,8917.0,8914.0,8917.0,1.263,11262.171
2020-05-13 06:20:00,8917.0,8917.0,8916.5,8916.5,0.018,160.497
2020-05-13 06:21:00,8916.5,8926.0,8912.5,8926.0,2.874,25653.324
2020-05-13 06:22:00,8926.0,8927.0,8926.0,8927.0,0.715,6382.805
2020-05-13 06:23:00,8927.0,8927.0,8921.0,8921.0,22.851,203853.771
2020-05-13 06:24:00,8921.0,8921.0,8920.5,8920.5,0.05,446.025
2020-05-13 06:25:00,8920.5,8920.5,8918.0,8919.0,2.793,24910.767
2020-05-13 06:26:00,8919.0,8929.0,8919.0,8928.5,9.578,85517.173
2020-05-13 06:27:00,8928.5,8935.0,8928.5,8931.5,8.622,77007.393
2020-05-13 06:28:00,8931.5,8931.5,8928.5,8928.5,0.648,5785.668
2020-05-13 06:29:00,8928.5,8931.5,8928.5,8931.5,2.792,24936.748
2020-05-13 06:30:00,8931.5,8956.0,8931.5,8952.0,14.716,131737.632
2020-05-13 06:31:00,8952.0,8952.0,8943.0,8943.5,0.084,751.254
2020-05-13 06:32:00,8943.5,8943.5,8933.5,8934.0,3.306,29535.804
2020-05-13 06:33:00,8934.0,8934.0,8922.5,8925.5,4.886,43609.993
2020-05-13 06:34:00,8925.5,8925.5,8920.0,8920.0,10.887,97112.04
2020-05-13 06:35:00,8920.0,8920.5,8920.0,8920.5,5.23,46654.215
2020-05-13 06:36:00,8920.5,8921.0,8920.0,8920.0,3.105,27696.6
2020-05-13 06:37:00,8920.0,8920.0,8916.0,8918.0,30.119,268601.242
2020-05-13 06:38:00,8918.0,8921.0,8917.5,8919.0,2.324,20727.756
2020-05-13 06:39:00,8919.0,8919.0,8913.5,8913.5,2.562,22836.387
2020-05-13 06:40:00,8913.5,8917.5,8913.0,8913.5,8.087,72083.4745
2020-05-13 06:41:00,8913.5,8916.5,8913.5,8916.0,0.914,8149.224
2020-05-13 06:42:00,8916.0,8929.0,8916.0,8926.5,5.89,52577.085
2020-05-13 06:43:00,8926.5,8927.0,8924.0,8924.5,7.293,65086.3785
2020-05-13 06:44:00,8924.5,8928.5,8921.5,8928.5,2.503,22348.0355
2020-05-13 06:45:00,8928.5,8928.5,8919.5,8920.0,0.256,2283.52
2020-05-13 06:46:00,8920.0,8920.0,8920.0,8920.0,0.01,89.2
2020-05-13 06:47:00,8920.0,8924.5,8920.0,8924.5,0.249,2222.2005
2020-05-13 06:48:00,8924.5,8926.0,8924.5,8926.0,1.936,17280.736
2020-05-13 06:49:00,8926.0,8926.0,8913.5,8913.5,4.03,35921.405
2020-05-13 06:50:00,8913.5,8913.5,8910.0,8910.5,10.123,90200.9915
2020-05-13 06:51:00,8910.5,8912.0,8910.5,8912.0,1.381,12307.472
2020-05-13 06:52:00,8912.0,8912.0,8912.0,8912.0,0.0,0.0
2020-05-13 06:53:00,8912.0,8912.5,8908.5,8908.5,3.081,27447.0885
2020-05-13 06:54:00,8908.5,8917.0,8908.5,8917.0,3.04,27107.68
2020-05-13 06:55:00,8917.0,8920.0,8917.0,8920.0,1.205,10748.6
2020-05-13 06:56:00,8920.0,8920.0,8919.0,8919.0,16.029,142962.651
2020-05-13 06:57:00,8919.0,8919.0,8919.0,8919.0,0.2,1783.8
2020-05-13 06:58:00,8919.0,8919.0,8916.5,8916.5,3.115,27774.8975
2020-05-13 06:59:00,8916.5,8916.5,8912.0,8912.0,21.452,191180.224
2020-05-13 07:00:00,8912.0,8912.0,8894.5,8906.0,33.335,296881.51
2020-05-13 07:01:00,8906.0,8906.0,8900.5,8902.5,15.142,134801.655
2020-05-13 07:02:00,8902.5,8906.0,8902.5,8905.5,1.164,10366.002
2020-05-13 07:03:00,8905.5,8915.0,8905.5,8915.0,0.438,3904.77
2020-05-13 07:04:00,8915.0,8915.0,8915.0,8915.0,0.5,4457.5
2020-05-13 07:05:00,8915.0,8915.0,8915.0,8915.0,0.0,0.0
2020-05-13 07:06:00,8915.0,8915.0,8911.0,8911.0,2.365,21074.515
2020-05-13 07:07:00,8911.0,8912.0,8911.0,8912.0,1.231,10970.672
2020-05-13 07:08:00,8912.0,8912.0,8912.0,8912.0,0.0,0.0
2020-05-13 07:09:00,8912.0,8912.0,8907.0,8907.0,0.004,35.628
2020-05-13 07:10:00,8907.0,8907.0,8905.5,8905.5,12.92,115059.06
2020-05-13 07:11:00,8905.5,8905.5,8905.5,8905.5,0.0,0.0
2020-05-13 07:12:00,8905.5,8912.5,8905.5,8912.5,2.246,20017.475
2020-05-13 07:13:00,8912.5,8912.5,8912.5,8912.5,0.0,0.0
2020-05-13 07:14:00,8912.5,8914.5,8912.5,8914.5,0.018,160.461
2020-05-13 07:15:00,8914.5,8924.5,8914.5,8924.5,2.949,26318.3505
2020-05-13 07:16:00,8924.5,8929.0,8924.5,8929.0,0.484,4321.636
2020-05-13 07:17:00,8929.0,8929.0,8926.0,8926.0,0.05,446.3
2020-05-13 07:18:00,8926.0,8926.0,8924.0,8924.0,0.006,53.544
2020-05-13 07:19:00,8924.0,8930.0,8924.0,8930.0,4.975,44426.75
2020-05-13 07:20:00,8930.0,8932.5,8930.0,8932.5,1.511,13497.0075
2020-05-13 07:21:00,8932.5,8945.0,8932.5,8941.5,22.753,203445.9495
2020-05-13 07:22:00,8941.5,8949.0,8941.5,8944.5,12.217,109274.9565
2020-05-13 07:23:00,8944.5,8946.0,8944.0,8944.0,1.36,12163.84
2020-05-13 07:24:00,8944.0,8944.0,8944.0,8944.0,0.0,0.0
2020-05-13 07:25:00,8944.0,8944.0,8938.5,8938.5,0.012,107.262
2020-05-13 07:26:00,8938.5,8941.5,8938.5,8941.0,6.032,53932.112
2020-05-13 07:27:00,8941.0,8941.0,8928.5,8928.5,1.673,14937.3805
2020-05-13 07:28:00,8928.5,8928.5,8927.0,8927.0,0.412,3677.924
2020-05-13 07:29:00,8927.0,8943.5,8927.0,8943.5,0.608,5437.648
2020-05-13 07:30:00,8943.5,8955.5,8943.5,8952.5,12.949,115925.9225
2020-05-13 07:31:00,8952.5,8970.0,8952.5,8969.5,8.041,72123.7495
2020-05-13 07:32:00,8969.5,8969.5,8959.5,8962.5,3.5,31368.75
2020-05-13 07:33:00,8962.5,8962.5,8960.0,8960.0,1.447,12965.12
2020-05-13 07:34:00,8960.0,8961.5,8960.0,8960.0,0.195,1747.2
2020-05-13 07:35:00,8960.0,8960.0,8952.5,8952.5,0.558,4995.495
2020-05-13 07:36:00,8952.5,8952.5,8952.5,8952.5,0.013,116.3825
2020-05-13 07:37:00,8952.5,8952.5,8949.0,8952.0,1.349,12076.248
2020-05-13 07:38:00,8952.0,8960.0,8952.0,8960.0,2.595,23251.2
2020-05-13 07:39:00,8960.0,8960.0,8953.0,8953.5,1.009,9034.0815
2020-05-13 07:40:00,8953.5,8953.5,8951.0,8953.5,3.088,27648.408
2020-05-13 07:41:00,8953.5,8955.5,8953.5,8955.5,1.088,9743.584
2020-05-13 07:42:00,8955.5,8956.0,8955.5,8956.0,1.518,13595.208
2020-05-13 07:43:00,8956.0,8956.0,8950.0,8950.0,2.3,20585.0
2020-05-13 07:44:00,8950.0,8950.0,8945.5,8945.5,1.685,15073.1675
2020-05-13 07:45:00,8945.5,8945.5,8939.5,8940.5,4.777,42708.7685
2020-05-13 07:46:00,8940.5,8940.5,8940.0,8940.0,0.406,3629.64
2020-05-13 07:47:00,8940.0,8940.0,8912.5,8913.0,33.436,298015.068
2020-05-13 07:48:00,8913.0,8926.5,8913.0,8926.0,0.56,4998.56
2020-05-13 07:49:00,8926.0,8926.0,8926.0,8926.0,1.138,10157.788
2020-05-13 07:50:00,8926.0,8926.0,8926.0,8926.0,0.0,0.0
2020-05-13 07:51:00,8926.0,8926.0,8920.5,8921.5,0.865,7717.0975
2020-05-13 07:52:00,8921.5,8926.5,8921.5,8926.5,0.942,8408.763
2020-05-13 07:53:00,8926.5,8926.5,8926.5,8926.5,0.0,0.0
2020-05-13 07:54:00,8926.5,8930.0,8926.5,8930.0,6.087,54356.91
2020-05-13 07:55:00,8930.0,8930.0,8923.5,8923.5,1.442,12867.687
2020-05-13 07:56:00,8923.5,8923.5,8923.5,8923.5,0.0,0.0
2020-05-13 07:57:00,8923.5,8923.5,8923.0,8923.0,0.2,1784.6
2020-05-13 07:58:00,8923.0,8926.0,8923.0,8926.0,0.369,3293.694
2020-05-13 07:59:00,8926.0,8926.0,8925.5,8925.5,0.003,26.7765
2020-05-13 08:00:00,8925.5,8925.5,8920.5,8925.0,0.325,2900.625
2020-05-13 08:01:00,8925.0,8925.0,8923.5,8923.5,1.044,9316.134
2020-05-13 08:02:00,8923.5,8936.0,8923.5,8933.5,1.384,12363.964
2020-05-13 08:03:00,8933.5,8933.5,8933.0,8933.0,0.608,5431.264
2020-05-13 08:04:00,8933.0,8933.0,8933.0,8933.0,0.05,446.65
2020-05-13 08:05:00,8933.0,8933.5,8933.0,8933.5,0.864,7718.544
2020-05-13 08:06:00,8933.5,8936.5,8933.5,8936.5,1.494,13351.131
2020-05-13 08:07:00,8936.5,8936.5,8908.0,8908.0,2.77,24675.16
2020-05-13 08:08:00,8908.0,8912.0,8903.0,8908.0,11.35,101105.8
2020-05-13 08:09:00,8908.0,8912.5,8908.0,8912.0,1.384,12334.208
2020-05-13 08:10:00,8912.0,8912.0,8905.5,8905.5,4.44,39540.42
2020-05-13 08:11:00,8905.5,8908.5,8902.5,8908.5,8.349,74377.0665
2020-05-13 08:12:00,8908.5,8909.0,8892.5,8892.5,13.095,116447.2875
2020-05-13 08:13:00,8892.5,8907.5,8892.5,8907.5,13.393,119298.1475
2020-05-13 08:14:00,8907.5,8907.5,8906.5,8907.5,2.248,20024.06
2020-05-13 08:15:00,8907.5,8915.5,8907.5,8910.0,2.688,23950.08
2020-05-13 08:16:00,8910.0,8911.5,8908.0,8911.5,0.112,998.088
2020-05-13 08:17:00,8911.5,8911.5,8908.5,8908.5,1.13,10066.605
2020-05-13 08:18:00,8908.5,8908.5,8908.0,8908.0,0.9,8017.2
2020-05-13 08:19:00,8908.0,8917.0,8908.0,8916.5,1.738,15496.877
2020-05-13 08:20:00,8916.5,8916.5,8911.5,8911.5,1.814,16165.461
2020-05-13 08:21:00,8911.5,8911.5,8911.5,8911.5,1.047,9330.3405
2020-05-13 08:22:00,8911.5,8911.5,8907.0,8910.0,1.031,9186.21
2020-05-13 08:23:00,8910.0,8913.5,8910.0,8913.5,5.07,45191.445
2020-05-13 08:24:00,8913.5,8919.0,8913.5,8919.0,0.033,294.327
2020-05-13 08:25:00,8919.0,8932.5,8919.0,8932.5,2.599,23215.5675
2020-05-13 08:26:00,8932.5,8936.0,8932.5,8932.5,0.475,4242.9375
2020-05-13 08:27:00,8932.5,8932.5,8931.0,8931.0,6.537,58381.947
2020-05-13 08:28:00,8931.0,8936.0,8931.0,8935.5,0.375,3350.8125
2020-05-13 08:29:00,8935.5,8935.5,8934.5,8935.0,0.006,53.61
2020-05-13 08:30:00,8935.0,8935.0,8930.5,8930.5,5.708,50975.294
2020-05-13 08:31:00,8930.5,8931.5,8929.0,8931.5,0.423,3778.0245
2020-05-13 08:32:00,8931.5,8932.0,8931.0,8931.0,0.256,2286.336
2020-05-13 08:33:00,8931.0,8931.0,8931.0,8931.0,0.0,0.0
2020-05-13 08:34:00,8931.0,8931.0,8928.0,8928.0,2.224,19855.872
2020-05-13 08:35:00,8928.0,8928.0,8924.0,8924.0,2.392,21346.208
2020-05-13 08:36:00,8924.0,8933.5,8924.0,8933.5,1.695,15142.2825
2020-05-13 08:37:00,8933.5,8937.5,8933.5,8937.0,1.481,13235.697
2020-05-13 08:38:00,8937.0,8937.0,8936.0,8936.0,0.206,1840.816
2020-05-13 08:39:00,8936.0,8936.0,8935.5,8936.0,1.321,11804.456
2020-05-13 08:40:00,8936.0,8936.0,8936.0,8936.0,0.0,0.0
2020-05-13 08:41:00,8936.0,8936.0,8930.5,8930.5,1.712,15289.016
2020-05-13 08:42:00,8930.5,8930.5,8922.5,8922.5,0.135,1204.5375
2020-05-13 08:43:00,8922.5,8923.0,8922.0,8922.0,23.253,207463.266
2020-05-13 08:44:00,8922.0,8922.0,8920.0,8920.0,0.333,2970.36
2020-05-13 08:45:00,8920.0,8932.5,8920.0,8932.5,0.833,7440.7725
2020-05-13 08:46:00,8932.5,8935.0,8931.5,8931.5,2.403,21462.3945
2020-05-13 08:47:00,8931.5,8935.0,8931.5,8935.0,0.299,2671.565
2020-05-13 08:48:00,8935.0,8935.0,8932.5,8933.0,0.323,2885.359
2020-05-13 08:49:00,8933.0,8944.5,8933.0,8944.5,6.525,58362.8625
2020-05-13 08:50:00,8944.5,8944.5,8938.5,8938.5,10.847,96955.9095
2020-05-13 08:51:00,8938.5,8938.5,8929.5,8929.5,4.205,37548.5475
2020-05-13 08:52:00,8929.5,8929.5,8923.5,8928.5,4.088,36499.708
2020-05-13 08:53:00,8928.5,8928.5,8901.5,8910.5,10.544,93952.312
2020-05-13 08:54:00,8910.5,8910.5,8909.0,8910.0,5.558,49521.78
2020-05-13 08:55:00,8910.0,8919.0,8910.0,8919.0,4.804,42846.876
2020-05-13 08:56:00,8919.0,8919.0,8919.0,8919.0,0.0,0.0
2020-05-13 08:57:00,8919.0,8919.0,8918.5,8919.0,0.654,5833.026
2020-05-13 08:58:00,8919.0,8919.0,8914.0,8914.0,0.278,2478.092
2020-05-13 08:59:00,8914.0,8915.0,8914.0,8915.0,1.853,16519.495
2020-05-13 09:00:00,8915.0,8915.0,8910.0,8910.0,0.193,1719.63
2020-05-13 09:01:00,8910.0,8916.0,8910.0,8916.0,1.261,11243.076
2020-05-13 09:02:00,8916.0,8918.0,8916.0,8918.0,1.214,10826.452
2020-05-13 09:03:00,8918.0,8919.5,8917.5,8919.5,1.051,9374.3945
2020-05-13 09:04:00,8919.5,8920.0,8919.5,8919.5,0.237,2113.9215
2020-05-13 09:05:00,8919.5,8919.5,8913.5,8913.5,0.144,1283.544
2020-05-13 09:06:00,8913.5,8919.0,8913.5,8918.5,1.451,12940.7435
2020-05-13 09:07:00,8918.5,8918.5,8915.5,8915.5,0.002,17.831
2020-05-13 09:08:00,8915.5,8926.0,8915.5,8926.0,8.355,74576.73
2020-05-13 09:09:00,8926.0,8930.0,8926.0,8929.0,1.944,17357.976
2020-05-13 09:10:00,8929.0,8929.0,8926.5,8926.5,0.034,303.501
2020-05-13 09:11:00,8926.5,8926.5,8926.5,8926.5,0.15,1338.975
2020-05-13 09:12:00,8926.5,8927.0,8926.5,8927.0,0.314,2803.078
2020-05-13 09:13:00,8927.0,8927.0,8920.5,8920.5,0.035,312.2175
2020-05-13 09:14:00,8920.5,8920.5,8915.5,8915.5,10.3,91829.65
2020-05-13 09:15:00,8915.5,8915.5,8915.5,8915.5,0.0,0.0
2020-05-13 09:16:00,8915.5,8915.5,8903.0,8906.0,10.133,90244.498
2020-05-13 09:17:00,8906.0,8907.0,8906.0,8906.5,2.542,22640.323
2020-05-13 09:18:00,8906.5,8906.5,8904.5,8906.0,10.366,92319.596
2020-05-13 09:19:00,8906.0,8915.0,8906.0,8915.0,0.464,4136.56
